Country Name,Country Code,Indicator Name,Indicator Code,1960,1961,1962,1963,1964,1965,1966,1967,1968,1969,1970,1971,1972,1973,1974,1975,1976,1977,1978,1979,1980,1981,1982,1983,1984,1985,1986,1987,1988,1989,1990,1991,1992,1993,1994,1995,1996,1997,1998,1999,2000,2001,2002,2003,2004,2005,2006,2007,2008,2009,2010,2011,2012,2013,2014,2015,2016,2017,2018,2019,2020,2021,2022
Afghanistan,AFG,"Unemployment, total (% of total labor force) (national estimate)",SL.UEM.TOTL.NE.ZS,,,,,,,,,,,,,,,,,,,,,,,,,,,,,,,,,,,,,,,,,,,,,,,,,2.49,,,,1.69,,7.91,,,11.18,,,11.71,5.58,
Africa Western and Central,AFW,"Unemployment, total (% of total labor force) (national estimate)",SL.UEM.TOTL.NE.ZS,,,,,,,,,,,,,,,,,,,,,,,,,,,,,,,,,,,,,,,,,,,,,,,,,,,,,,,4.345897985,,,6.971441331,,,,,
Albania,ALB,"Unemployment, total (% of total labor force) (national estimate)",SL.UEM.TOTL.NE.ZS,,,,,,,,,,,,,,,,,,,,,5.6,5.1,3.6,4.4,5.7,6.7,6.4,6.1,7,7.3,9.5,9.1,26.5,22.3,18.4,12.9,12.3,14.9,17.7,18.4,16.8,16.4,4.61,15,14.4,6.57,13.8,15.97,13.06,13.67,14.09,13.48,13.38,15.87,18.05,17.19,15.42,13.62,12.3,11.47,,,
Algeria,DZA,"Unemployment, total (% of total labor force) (national estimate)",SL.UEM.TOTL.NE.ZS,,,,,,,,,,,,,,,,,,,,,,,,,,,,,,17.64,21.26,20.6,24.38,26.23,27.74,31.84,,25.43,,,29.77,27.3,25.9,23.72,17.65,15.27,12.27,13.79,11.33,10.16,9.96,9.96,10.97,9.82,10.21,11.21,10.2,12,,,,,
American Samoa,ASM,"Unemployment, total (% of total labor force) (national estimate)",SL.UEM.TOTL.NE.ZS,,,,,,,,,,,,,,,12.99,17.24,19.08,14.87,13.79,14.35,12.41,12.61,12.78,12.96,13.11,13.29,13.38,,,,5.11,,,,,,,,,,5.05,,,,,9.98,,,,,9.2,,,,,,,,,,,,
Angola,AGO,"Unemployment, total (% of total labor force) (national estimate)",SL.UEM.TOTL.NE.ZS,,,,,,,,,,,,,,,,,,,,,,,,,14.2,14.9,18.9,,,,,,,,,,,,,,,,,,23.64,,,,,3.78,9.43,16.77,,,9.58,,,,,16.5,,15.8,
Antigua and Barbuda,ATG,"Unemployment, total (% of total labor force) (national estimate)",SL.UEM.TOTL.NE.ZS,,,,,,,,,,,,,,20.46,19.46,19.45,20.69,,,,,,,,,,,,,,,6,,,,,,,,,,8.42,,,,,,,,,,,,,,,,,,,,,
Argentina,ARG,"Unemployment, total (% of total labor force) (national estimate)",SL.UEM.TOTL.NE.ZS,,,,,,,,,,,4.8,6,6.6,5.6,3.4,2.3,4.5,2.8,2.8,2,2.3,4.5,4.73,4.17,3.54,5.3,4.4,5.3,6,7.3,7.06,5.44,6.36,10.1,11.76,18.8,17.11,14.82,12.65,14.05,15,17.32,19.59,15.36,13.52,11.51,10.08,8.47,7.84,8.65,7.71,7.18,7.22,7.1,7.27,,,8.35,9.22,9.84,11.46,8.74,
Armenia,ARM,"Unemployment, total (% of total labor force) (national estimate)",SL.UEM.TOTL.NE.ZS,,,,,,,,,,,,,,,,,,,,,,,,,,,,,,,,,1.8,5.3,6.6,6.7,9.3,10.8,9.4,11.2,,,,,,,,9.81,22.97,18.44,19.01,18.44,17.3,16.18,17.5,18.26,17.62,17.7,13.21,12.2,12.18,10.01,
Australia,AUS,"Unemployment, total (% of total labor force) (national estimate)",SL.UEM.TOTL.NE.ZS,,,,,,,,,,,,,,,,,,,,6.26,6.11,5.78,7.16,9.96,8.99,8.26,8.08,8.11,7.23,6.18,6.93,9.59,10.73,10.88,9.72,8.47,8.51,8.37,7.68,6.88,6.29,6.75,6.38,5.93,5.4,5.04,4.79,4.38,4.24,5.57,5.21,5.08,5.23,5.66,6.08,6.06,5.71,5.59,5.3,5.16,6.46,5.12,3.7
Austria,AUT,"Unemployment, total (% of total labor force) (national estimate)",SL.UEM.TOTL.NE.ZS,,,,,,,,,,2.8,2.4,1.5,1.3,1.2,1.3,2,2,1.8,2.1,2,1.9,2.06,3.35,4.11,3.8,3.6,3.12,3.79,3.55,3.14,3.25,3.42,3.59,4.25,3.54,4.35,5.28,5.15,5.52,4.7,4.69,4.01,4.85,4.78,5.97,5.68,5.32,4.91,4.2,5.37,4.88,4.64,4.91,5.37,5.67,5.8,6.06,5.56,4.93,4.56,5.2,6.46,4.99
Azerbaijan,AZE,"Unemployment, total (% of total labor force) (national estimate)",SL.UEM.TOTL.NE.ZS,,,,,,,,,,,,,,,,,,,,,,,,,,,,,,,,0.11,0.17,0.52,0.65,0.8,0.9,1.03,1.13,16.25,11.78,10.91,10.04,9.17,7.99,7.26,6.62,6.33,5.86,5.74,5.63,5.42,5.19,4.97,4.91,4.96,5,5,4.9,5,7.24,6.04,5.65
Bahrain,BHR,"Unemployment, total (% of total labor force) (national estimate)",SL.UEM.TOTL.NE.ZS,,,,,,,,,,,,,,,,,,,,,,3.1,,,,,,,,,,,,,,,,,,,,,,,,,,5.6,3.7,4,1.13,4,1.2,,,,,,,,,,
Bangladesh,BGD,"Unemployment, total (% of total labor force) (national estimate)",SL.UEM.TOTL.NE.ZS,,,,,,,,,,,,,,,,,,,,,,,,,2.04,2.02,0.96,,,0.92,,2.2,,,,,2.51,,,,3.27,,,4.32,,4.25,3.59,,,5,3.38,,,4.43,,,4.35,4.37,,,,,
Belarus,BLR,"Unemployment, total (% of total labor force) (national estimate)",SL.UEM.TOTL.NE.ZS,,,,,,,,,,,,,,,,,,,,,,,,,,,,,,,,0.05,0.5,1.4,2.1,2.9,4,2.8,2.3,2.1,2.1,2.3,3,3.1,1.9,1.5,1.2,1,0.8,6.1,,0.6,0.5,0.5,0.5,1,5.84,5.65,4.76,4.16,4.05,3.9,3.57
Belgium,BEL,"Unemployment, total (% of total labor force) (national estimate)",SL.UEM.TOTL.NE.ZS,,,,,,,,,,,,2.1,2.7,2.8,3,5.1,6.5,5.67,7.9,6.96,9.1,11.35,13,11.66,11.88,11.32,11.28,11.26,10.13,8.28,7.25,6.98,6.7,8.08,9.65,9.34,9.48,8.95,9.32,8.65,6.59,6.18,6.91,7.68,7.36,8.44,8.25,7.46,6.98,7.91,8.29,7.14,7.54,8.43,8.52,8.48,7.83,7.09,5.95,5.36,5.55,6.26,5.56
Belize,BLZ,"Unemployment, total (% of total labor force) (national estimate)",SL.UEM.TOTL.NE.ZS,,,,,,,,,,,,,,,,,,,,,,,,,,,,,,,,,,9.78,11.1,12.48,13.82,12.68,14.31,12.84,,9.07,10.04,,,10.91,9.39,8.51,8.18,,,,,8.35,8.24,7.58,7,6.6,,9.05,,10.16,
Benin,BEN,"Unemployment, total (% of total labor force) (national estimate)",SL.UEM.TOTL.NE.ZS,,,,,,,,,,,,,,,,,,,,,,,,,,,0.18,,,,,,1.51,,,,,,,,,,0.69,,,,,,,,1.04,2.65,,,,,,,1.47,,,,
Bhutan,BTN,"Unemployment, total (% of total labor force) (national estimate)",SL.UEM.TOTL.NE.ZS,,,,,,,,,,,,,,,,,,,,,,,,,,,,,,,,,,,,,,,1.4,1.4,,1.9,,1.8,2.49,3.1,3.13,3.7,,3.96,3.32,3.23,2.05,2.87,2.63,2.45,,,3.35,2.72,5.03,4.8,5.95
Bolivia,BOL,"Unemployment, total (% of total labor force) (national estimate)",SL.UEM.TOTL.NE.ZS,,,,,,,,,,,,9,8.1,7.1,6.1,5.2,5.3,5.3,5.5,5.6,6.1,10.16,11.6,14.19,14.66,19.28,19.76,20.32,18,10.1,6.69,6.59,5.52,5.99,3.08,3.69,5.23,2.08,,3.93,4.47,5.24,5.48,,4.17,5.45,5.08,5.18,2.6,2.97,,2.25,2.07,2.44,2.02,3.11,3.5,3.65,3.52,3.68,7.9,5.09,3.55
Bosnia and Herzegovina,BIH,"Unemployment, total (% of total labor force) (national estimate)",SL.UEM.TOTL.NE.ZS,,,,,,,,,,,,,,,,,,,,,,,,,,,,,,,,17.55,,,,,,,,,,16.1,,,,,31.11,28.98,23.41,24.07,27.31,27.58,28.01,27.49,27.52,27.69,25.41,20.53,18.4,15.69,15.87,14.9,12.66
Botswana,BWA,"Unemployment, total (% of total labor force) (national estimate)",SL.UEM.TOTL.NE.ZS,,,,,,,,,,,,,,,,,,,,,,,,,,25.67,,,,,,13.82,,,21.2,,21.59,,20.86,,15.88,18.54,,23.8,,,17.78,,,16.17,17.86,,,,,,,,,20.09,21.02,23.11,23.62
Brazil,BRA,"Unemployment, total (% of total labor force) (national estimate)",SL.UEM.TOTL.NE.ZS,,,,,,,,,,,,,3.06,2.78,,,1.92,2.32,2.36,2.76,,3.99,4.83,4.62,4.04,3.38,2.37,3.56,3.79,2.97,3.69,,6.42,6.03,,7.09,8.03,9,10.15,11.13,,10.65,10.64,11.17,10.07,10.55,9.69,9.28,8.27,9.42,,7.58,7.25,7.07,6.76,8.54,11.58,12.79,12.33,11.94,13.7,13.16,9.23
Bulgaria,BGR,"Unemployment, total (% of total labor force) (national estimate)",SL.UEM.TOTL.NE.ZS,,,,,,,,,,,,,,,,,,,,,,,,,,,,,,,1.7,11.1,15.3,16.4,12.8,11.1,12.5,13.7,12.2,14.1,16.22,19.92,18.11,13.73,12.04,10.08,8.95,6.88,5.61,6.82,10.28,11.26,12.27,12.94,11.42,9.14,7.57,6.16,5.21,4.23,5.12,5.27,4.27
Burkina Faso,BFA,"Unemployment, total (% of total labor force) (national estimate)",SL.UEM.TOTL.NE.ZS,,,,,,,,,,,,,,,,,,,,,,,,,,1.3,,,,,,,,,2.58,,,,2.44,,,,,2.78,,4,,3.3,,,,,,,6.48,,,,4.69,,,,
Burundi,BDI,"Unemployment, total (% of total labor force) (national estimate)",SL.UEM.TOTL.NE.ZS,,,,,,,,,,,,,,,,,,,,,,,,,,,,,,,0.48,,,,,,,,,14,,,,,,,3.18,,1.63,,,,,,1.57,,,,,,1.03,,
"Bahamas, The",BHS,"Unemployment, total (% of total labor force) (national estimate)",SL.UEM.TOTL.NE.ZS,,,,,,,,,,,,,,8.6,,21.2,,20.86,,14.7,,,,,,,12.09,,11.02,11.59,7.77,12.17,14.81,12.72,13.83,10.83,11.46,9.76,7.65,7.45,,6.87,9.05,10.84,10.2,10.2,7.54,7.88,8.18,14.25,,14.52,14.02,16.18,13.8,12,12.7,9.8,10,,,,
Bermuda,BMU,"Unemployment, total (% of total labor force) (national estimate)",SL.UEM.TOTL.NE.ZS,,,,,,,,,,,,,,,,,,,,,,,,,,,,,,,,,,,,,,,,,2.71,,,,,,,,,4.48,6.49,,8.44,6.66,8.94,,,,,,,,
Cambodia,KHM,"Unemployment, total (% of total labor force) (national estimate)",SL.UEM.TOTL.NE.ZS,,,,,,,,,,,,,,,,,,,,,,,,,,,,,,,,,,,,,0.96,0.64,,0.04,2.76,2.06,,0.91,7.53,,,1.26,0.82,0.58,0.77,0.58,1.28,0.44,0.69,0.39,0.72,0.14,,0.5,0.17,0.4,
Cameroon,CMR,"Unemployment, total (% of total labor force) (national estimate)",SL.UEM.TOTL.NE.ZS,,,,,,,,,,,,,,,,,,,,,,,,,,,,,,,,,,,,,8.06,,,,,7.46,,,,4.4,,3.06,,,4.11,,,,3.53,,,,,,,,
Canada,CAN,"Unemployment, total (% of total labor force) (national estimate)",SL.UEM.TOTL.NE.ZS,,,,,,,,,,4.7,5.9,6.4,6.3,5.6,5.4,,7.09,8.05,8.38,7.53,7.54,7.61,11.04,12.02,11.34,10.5,9.59,8.82,7.76,7.55,8.13,10.32,11.2,11.38,10.4,9.49,9.62,9.1,8.28,7.58,6.83,7.22,7.66,7.57,7.19,6.76,6.48,6.16,6.28,8.46,8.18,7.64,7.39,7.14,7.02,6.95,7.04,6.43,5.84,5.69,9.66,7.53,5.28
Central African Republic,CAF,"Unemployment, total (% of total labor force) (national estimate)",SL.UEM.TOTL.NE.ZS,,,,,,,,,,,,,,,,,,,,,,,,,,,,,,,,,,,,,,,,,,,,,,,,,,,,,,,,,,,,,,,
Chad,TCD,"Unemployment, total (% of total labor force) (national estimate)",SL.UEM.TOTL.NE.ZS,,,,,,,,,,,,,,,,,,,,,,,,,,,,,,,,,,0.7,,,,,,,,,,,,,,,,,,,,,,,,,1.13,,,,
Chile,CHL,"Unemployment, total (% of total labor force) (national estimate)",SL.UEM.TOTL.NE.ZS,,,,,,,,,,,,,,,,14.69,12.75,11.83,14.26,13.63,10.46,11.35,19.6,14.65,13.91,,8.71,,6.23,5.29,5.63,5.23,4.35,4.49,5.87,4.7,7.41,7.14,7.31,11.16,10.49,10.39,10.17,9.77,10.16,9.34,9.02,8.43,9.29,11.31,8.41,7.32,6.64,6.2,6.65,6.49,6.73,6.95,7.21,7.27,10.94,9.28,8.25
China,CHN,"Unemployment, total (% of total labor force) (national estimate)",SL.UEM.TOTL.NE.ZS,,,,,,,,,,,,,,,,,,,5.3,5.4,4.9,3.8,3.2,2.3,1.9,1.8,2,2,2,2.6,2.5,2.3,2.3,2.6,2.8,2.9,3,3.1,3.1,3.1,3.1,3.6,4,4.3,4.2,4.2,4.1,4,4.2,4.3,4.1,4.1,4.1,4.05,4.1,,,3.9,4.93,5.15,5.61,5.11,
Cote d'Ivoire,CIV,"Unemployment, total (% of total labor force) (national estimate)",SL.UEM.TOTL.NE.ZS,,,,,,,,,,,,,,,,,,,,,,,,,,,,,,,,,6.7,,,4.1,,,4.1,,,,,,,,,,,,,,7.22,4.25,,,1.9,3.27,,2.4,,,
Colombia,COL,"Unemployment, total (% of total labor force) (national estimate)",SL.UEM.TOTL.NE.ZS,,,,,,,,,,,,,,,,10.55,,9.4,,,9.1,8.13,11.46,11.13,13,13.89,12.94,10.83,,,,10.12,9.44,7.8,8.25,8.72,11.81,12.14,15,20.06,20.52,15.04,14.48,13.22,13.72,11.06,,11.2,11.27,12.07,11.15,10.29,9.96,9.25,8.8,8.57,8.92,9.09,9.36,10.28,15.98,13.9,10.55
Comoros,COM,"Unemployment, total (% of total labor force) (national estimate)",SL.UEM.TOTL.NE.ZS,,,,,,,,,,,,,,,,,,,,,,,,,,,,,,,,,,,,,,,,,,,,,4.57,,,,,,,,,,8.14,,,,,,,5.86,
Congo (Brazzaville),COD,"Unemployment, total (% of total labor force) (national estimate)",SL.UEM.TOTL.NE.ZS,,,,,,,,,,,,,,,,,,,,,,,,,,,,,,,,,,,,,,,,,,,,,,2.95,,,,,,,4.49,,,,,,,,1.47,,
Congo (Kinshasa),COG,"Unemployment, total (% of total labor force) (national estimate)",SL.UEM.TOTL.NE.ZS,,,,,,,,,,,,,,,,,,,,,,,,,,,,,,,,,,,,,,,,,,,,,,19.8,,,,19.86,,,10,,,,,,,,,,
Costa Rica,CRI,"Unemployment, total (% of total labor force) (national estimate)",SL.UEM.TOTL.NE.ZS,,,,,,,,,,,,,,,,,,,,,,,,,,,,,,,,,,,,,,,,,,6.05,6.4,6.65,6.44,6.75,5.93,4.56,4.93,7.82,7.17,9.52,9.11,8.22,8.5,8.42,8.09,7.73,9.01,10.81,16.43,15.14,11.32
Croatia,HRV,"Unemployment, total (% of total labor force) (national estimate)",SL.UEM.TOTL.NE.ZS,,,,,,,,,,,,,,,,,,,,,,,,,,,,,,,,11.14,,,,,9.68,9.71,11.39,13.56,16.06,15.82,15.05,13.92,13.66,12.6,11.13,9.91,8.53,9.2,11.62,13.68,15.93,17.25,17.29,16.18,13.1,11.21,8.43,6.62,7.51,7.61,6.96
Curacao,CUW,"Unemployment, total (% of total labor force) (national estimate)",SL.UEM.TOTL.NE.ZS,,,,,,,,,,,,,,,,,,,,,,,,,,,,,,,,,,,,,,,,,,,,,,,,,,,,9.78,,13.03,12.61,11.71,,,13.43,,19.07,,
Cayman Islands,CYM,"Unemployment, total (% of total labor force) (national estimate)",SL.UEM.TOTL.NE.ZS,,,,,,,,,,,,,,,,,,,,,,,,,,,,,,,,5.91,,7.22,5.74,4.94,5.1,4.14,4.17,,,7.54,5.37,3.61,3.45,3.54,2.62,3.83,3.97,6.04,6.68,6.78,6.21,6.27,4.7,4.24,,,,,,,
Cyprus,CYP,"Unemployment, total (% of total labor force) (national estimate)",SL.UEM.TOTL.NE.ZS,,,,,,,,,,,,,,,,10.9,7.4,3.1,2,1.7,2,2.6,2.8,3.3,3.3,3.3,3.7,3.4,2.8,2.3,1.8,3,2.09,2.7,2.7,2.6,3.1,3.4,3.3,5.53,4.77,4.04,3.34,4.15,4.77,5.48,4.59,3.95,3.76,5.59,6.36,7.94,12.1,16.13,16.28,15.03,13.01,11.16,8.5,7.15,7.76,7.51,6.78
Czechia,CZE,"Unemployment, total (% of total labor force) (national estimate)",SL.UEM.TOTL.NE.ZS,,,,,,,,,,,,,,,,,,,,,,,,,,,,,,,0.7,2.27,2.6,4.32,4.3,4.02,3.89,4.79,6.45,8.7,8.76,8.13,7.28,7.78,8.3,7.93,7.14,5.32,4.39,6.66,7.28,6.71,6.98,6.95,6.11,5.05,3.95,2.89,2.25,2.02,2.55,2.8,2.22
Denmark,DNK,"Unemployment, total (% of total labor force) (national estimate)",SL.UEM.TOTL.NE.ZS,,,,,,,,,,,,,,0.9,2.1,5.1,5.3,6.4,7.3,6.1,7,9.2,10,9.74,8.87,7.8,6.03,6.09,6.49,8.15,8.34,9.1,9.03,10.72,8.04,6.99,6.84,5.4,5.04,5.14,4.48,4.16,4.27,5.4,5.2,4.83,3.9,3.8,3.68,6.41,7.75,7.77,7.8,7.38,6.93,6.28,5.99,5.83,5.13,5.02,5.64,5.04,4.43
Djibouti,DJI,"Unemployment, total (% of total labor force) (national estimate)",SL.UEM.TOTL.NE.ZS,,,,,,,,,,,,,,,,,,,,,,,,,,,,,,,,,,,,,,,,,,,,,,,,,,,,,,,,,,26.06,,,,,
Dominica,DMA,"Unemployment, total (% of total labor force) (national estimate)",SL.UEM.TOTL.NE.ZS,,,,,,,,,,,,,,,,,,,,,,,,,,,,,,11.33,,9.53,,,,,,23.18,,15.67,,10.96,,,,,,,,,,,,,,,,,,,,,
Dominican Republic,DOM,"Unemployment, total (% of total labor force) (national estimate)",SL.UEM.TOTL.NE.ZS,,,,,,,,,,,,,,,,,,,,,,,,,,,,,,,,,,,,,,,,,6.43,7.26,6.78,6.94,6.3,6.59,5.65,5.16,4.76,5.47,5.21,6.09,6.72,7.35,6.72,7.61,7.28,5.83,5.86,6.18,6.13,7.7,
Ecuador,ECU,"Unemployment, total (% of total labor force) (national estimate)",SL.UEM.TOTL.NE.ZS,,,,,,,,,,,,,,,4.4,5.3,,5.8,,,,,,,,,,7.24,6.99,7.71,5.88,8.19,8.56,7.95,6.68,6.7,10.38,9.17,11.49,13.96,4.8,4.25,,5.66,5,3.78,3.55,3.14,3.92,4.61,4.09,3.46,3.23,3.08,3.48,3.62,4.6,3.84,3.53,3.81,6.13,4.55,3.76
Egypt,EGY,"Unemployment, total (% of total labor force) (national estimate)",SL.UEM.TOTL.NE.ZS,,,,,,,,,,,2.4,1.82,1.53,1.71,2.3,2.57,,3.13,3.64,4.55,5.18,4.97,5.21,6.47,5.89,,,,,7.06,8.43,9.38,8.92,10.92,10.93,11.04,9,8.37,8.03,7.95,8.98,9.26,10.01,10.91,10.32,11.05,10.49,8.8,8.52,9.09,8.76,11.85,12.6,13.15,13.1,13.05,12.45,11.77,9.86,7.85,7.97,7.44,
El Salvador,SLV,"Unemployment, total (% of total labor force) (national estimate)",SL.UEM.TOTL.NE.ZS,,,,,,,,,,,,,,,,,,,3.73,6.79,13.34,,,,,16.95,8.63,,9.37,8.35,9.96,7.53,7.88,9.94,7.68,7.65,7.68,7.98,7.1,7.3,6.96,6.96,6.2,6.9,6.8,7.22,6.57,6.41,5.88,7.33,4.89,4.3,3.84,3.69,4.15,4,4.42,4.39,4.01,4.17,5.01,4.33,3
Estonia,EST,"Unemployment, total (% of total labor force) (national estimate)",SL.UEM.TOTL.NE.ZS,,,,,,,,,,,,,,,,,,,,,,,,,,,,,,0.56,0.64,1.47,3.68,6.54,7.56,9.66,9.92,10.33,9.52,11.58,13.36,13.13,10.03,11.29,10.25,8.03,5.91,4.59,5.45,13.55,16.71,12.33,10.02,8.63,7.35,6.19,6.76,5.76,5.37,4.45,6.8,6.18,5.57
Eswatini,SWZ,"Unemployment, total (% of total labor force) (national estimate)",SL.UEM.TOTL.NE.ZS,,,,,,,,,,,,,,,,,,,,,,,,,,,,,,,,,,,,21.65,,22.5,,,,,,,,,,28.24,,,,,,,,,22.72,,,,,,
Ethiopia,ETH,"Unemployment, total (% of total labor force) (national estimate)",SL.UEM.TOTL.NE.ZS,,,,,,,,,,,,,,,,,,,,,,,,,1.2,,,,,,,,,,3.1,,,,,3.71,,,,,,2.5,,,,,,,,2.25,,,,,,,,3.93,
Eritrea,ERI,"Unemployment, total (% of total labor force) (national estimate)",SL.UEM.TOTL.NE.ZS,,,,,,,,,,,,,,,,,,,,,,,,,,,,,,,,,,,,,,,,,,,,,,,,,,,,,,,,,,,,,,,
Fiji,FJI,"Unemployment, total (% of total labor force) (national estimate)",SL.UEM.TOTL.NE.ZS,,,,,,,,,,,,,,,,,,,,,,,6.06,,,,,,,,,5.93,5.35,5.88,5.7,5.4,5.78,,,,,,,8.22,4.7,3.89,,,8.94,8.72,8.91,4.41,9,,6.17,,4.32,,,,,,
Finland,FIN,"Unemployment, total (% of total labor force) (national estimate)",SL.UEM.TOTL.NE.ZS,,,,,,,,,,2.83,1.89,2.26,2.42,2.45,1.61,2.08,3.75,6.09,7.23,6.2,4.86,5.04,5.28,5.43,5.12,5,5.32,5.07,4.47,3.14,,,,,,17,15.57,14.97,13.21,11.69,11.13,10.29,10.42,10.47,10.36,8.38,7.72,6.85,6.37,8.25,8.39,7.78,7.69,8.19,8.66,9.38,8.82,8.64,7.36,6.69,7.76,7.61,6.72
France,FRA,"Unemployment, total (% of total labor force) (national estimate)",SL.UEM.TOTL.NE.ZS,,,,,,,,,,,2.42,2.67,2.77,2.69,2.86,4.08,4.47,5.01,5.27,6.03,6.42,7.54,8.2,7.92,9.53,10.26,10.23,10.74,10.18,9.62,9.36,9.13,10.2,11.32,12.59,11.83,12.37,12.57,12.07,11.98,10.22,8.61,8.7,8.31,8.91,8.88,8.83,8.01,7.39,9.12,9.28,9.23,9.84,9.91,10.27,10.35,10.06,9.41,9.02,8.41,8.01,7.87,7.31
Faroe Islands,FRO,"Unemployment, total (% of total labor force) (national estimate)",SL.UEM.TOTL.NE.ZS,,,,,,,,,,,,,,,,,,,,,,,,,,,,,,,,,,,,,,,,,4.17,4,,3.85,3.7,3.46,1.8,1.73,2.36,3.94,6.39,5.29,3.03,4.03,,,,,,,,,
"Micronesia, Fed. Sts.",FSM,"Unemployment, total (% of total labor force) (national estimate)",SL.UEM.TOTL.NE.ZS,,,,,,,,,,,,,,,,,,,,,,,,,,,,,,,,,,,,,,,,,,,,,,,,,,,,,,,8.86,,,,,,,,
Gabon,GAB,"Unemployment, total (% of total labor force) (national estimate)",SL.UEM.TOTL.NE.ZS,,,,,,,,,,,,,,,,,,,,,,,,,,,,,,,,,,17.78,,,,,,,,,,,,16.91,,,,,20.39,,,,,,,,,,,,
Gambia,GMB,"Unemployment, total (% of total labor force) (national estimate)",SL.UEM.TOTL.NE.ZS,,,,,,,,,,,,,,,,,,,,,,,,,,,,,,,,,,,,,,,,,,,,,,,,,,,,,10.35,,,,,,4.13,,,,
Georgia,GEO,"Unemployment, total (% of total labor force) (national estimate)",SL.UEM.TOTL.NE.ZS,,,,,,,,,,,,,,,,,,,,,,,,,,,,,,,,,,,,,2.4,5,14.53,13.8,10.82,11.16,12.59,11.51,12.62,13.81,13.57,13.28,17.87,20.71,20.2,19.63,19.65,19.42,17.44,16.51,16.6,13.94,12.67,11.57,11.73,,
Germany,DEU,"Unemployment, total (% of total labor force) (national estimate)",SL.UEM.TOTL.NE.ZS,,,,,,,,,,,,,,,,,,,,,,,,6.45,6.67,6.88,6.61,6.81,6.32,5.7,4.89,5.32,6.32,7.68,8.73,8.16,8.82,9.86,9.79,8.85,7.92,7.77,8.48,9.78,10.73,11.17,10.25,8.66,7.52,7.74,6.97,5.82,5.38,5.23,4.98,4.62,4.12,3.75,3.38,3.14,3.86,3.64,3.14
Ghana,GHA,"Unemployment, total (% of total labor force) (national estimate)",SL.UEM.TOTL.NE.ZS,,,,,,,,,,,,,,,,,,,,,,,,,,,,,,,,3.49,4.7,,,,,,8.2,10.1,10.46,,,,,,4.9,,,,5.38,,,2.17,,6.81,,3.37,,,,,
Gibraltar,GIB,"Unemployment, total (% of total labor force) (national estimate)",SL.UEM.TOTL.NE.ZS,,,,,,,,,,,,,,,,,,,,,,,,,,,,,,,,6.44,,,,,,,,,,,,,,,,,,,,,,,,,,,,,,,
Guinea-Bissau,GNB,"Unemployment, total (% of total labor force) (national estimate)",SL.UEM.TOTL.NE.ZS,,,,,,,,,,,,,,,,,,,,,,,,,,,,,,,,,,,,,,,,,,,,,,,,,,,,,,,,,,,3.2,,,,
Greece,GRC,"Unemployment, total (% of total labor force) (national estimate)",SL.UEM.TOTL.NE.ZS,,,,,,,,,,,,,,,,,,,,,,3.42,4.94,7.8,8.1,7.8,7.36,7.45,7.83,7.51,7.01,7.57,8.93,10.18,9.81,10.12,10.4,10.47,12.23,12.14,11.34,10.76,10.35,9.84,10.63,10.07,8.91,8.35,7.66,9.55,12.72,17.97,24.73,27.69,26.71,24.98,23.51,21.41,19.18,17.04,15.9,14.66,12.43
Grenada,GRD,"Unemployment, total (% of total labor force) (national estimate)",SL.UEM.TOTL.NE.ZS,,,,,,,,,,,,,,,,,,,,,,,,,,,,,,,,13.91,,,26.93,,16.89,,15.24,,,,,,,,,,,,,,,24.2,24.5,22.9,,,,,,,
Greenland,GRL,"Unemployment, total (% of total labor force) (national estimate)",SL.UEM.TOTL.NE.ZS,,,,,,,,,,,,,,,,,,,,,,,,,,,,,,,,,,,,,12.92,10.08,11.56,9.03,11.02,9.53,8.82,10.3,10.44,9.25,8.4,,,,7.8,9.4,9.8,10.1,10.3,9.1,,,,,,,
Guatemala,GTM,"Unemployment, total (% of total labor force) (national estimate)",SL.UEM.TOTL.NE.ZS,,,,,,,,,,,,,,,,,,,,,,2.15,2.27,,,,,2.4,,1.94,,,,,,,,,,,,,,2.81,2.97,,1.9,,,,3.5,4.13,2.76,3.02,2.72,2.51,2.58,2.46,2.28,2.19,,2.17,3.05
Guinea,GIN,"Unemployment, total (% of total labor force) (national estimate)",SL.UEM.TOTL.NE.ZS,,,,,,,,,,,,,,,,,,,,,,,,,,,,,,,,,,,,,,,,,,,4.55,,,,,,,,,,,,,,,,,5.02,,,
Guam,GUM,"Unemployment, total (% of total labor force) (national estimate)",SL.UEM.TOTL.NE.ZS,,,,,,,,,,,,,,,9.6,8.21,8.79,,,,9.9,8.7,9.6,9.25,,,6.28,,4.27,2.81,2.83,3.51,3.84,5.53,7.6,7.9,8.28,9.67,7.74,13.95,15.32,13.21,11.39,,7.7,7,7.4,8.3,,9.3,8.2,13.3,12.2,11.5,7.6,6.9,5.4,,,,,,
Guyana,GUY,"Unemployment, total (% of total labor force) (national estimate)",SL.UEM.TOTL.NE.ZS,,,,,,,,,,,,,,,,,,,,,,,,,,,,13.09,,,,,11.9,,,,,,,,,,11.81,,,,10.7,,,,,,,,,,,,14.02,13.52,,,
Haiti,HTI,"Unemployment, total (% of total labor force) (national estimate)",SL.UEM.TOTL.NE.ZS,,,,,,,,,,,,,,,,,,,,,,,,12.2,,,,,,,11.25,,,,,,,,,7.2,,,,,,,,16.8,,,,,14.1,,,,,,,,,,
Honduras,HND,"Unemployment, total (% of total labor force) (national estimate)",SL.UEM.TOTL.NE.ZS,,,,,,,,,,,,,,,8.1,,,,,,,,7.3,,,,12.12,11.4,,,4.78,4.58,3.06,,,3.24,4.37,3.32,4.02,3.85,,4,4.02,5.3,5.99,4.91,3.57,3.21,3.16,3.29,4.12,4.47,3.75,5.65,7.08,6.15,6.73,5.53,5.62,5.55,10.68,8.51,
"Hong Kong SAR, China",HKG,"Unemployment, total (% of total labor force) (national estimate)",SL.UEM.TOTL.NE.ZS,,,,,,,,,,,,,,,,9.17,5,4.3,1.59,2.09,2.4,1.53,1.85,2.11,1.92,3.18,2.82,1.73,1.36,1.07,1.32,1.8,1.96,1.96,1.9,3.22,2.83,2.22,4.58,6.25,4.92,5.09,7.28,7.86,6.74,5.58,4.77,4.01,3.56,5.26,4.33,3.42,3.29,3.4,3.3,3.31,3.39,3.12,2.81,2.92,5.81,5.17,4.32
Hungary,HUN,"Unemployment, total (% of total labor force) (national estimate)",SL.UEM.TOTL.NE.ZS,,,,,,,,,,,,,,,,,,,,,,,,,,,,,,,1.7,8.5,9.94,12.1,10.85,10.17,10.02,8.99,8.93,6.93,6.56,5.67,5.61,5.79,5.83,7.19,7.49,7.41,7.82,10.03,11.17,11.03,11,10.18,7.73,6.81,5.11,4.16,3.71,3.42,4.25,4.05,3.61
Iceland,ISL,"Unemployment, total (% of total labor force) (national estimate)",SL.UEM.TOTL.NE.ZS,,,,,,,,,,,,,,,,,,,,,,,,,,,,,,,,,,,,5.2,3.6,3.72,3.07,2.18,1.94,1.87,2.99,4,4.03,2.55,2.83,2.25,2.95,7.22,7.56,7.03,6,5.38,4.9,3.98,2.98,2.74,2.7,3.51,5.48,6.03,3.79
India,IND,"Unemployment, total (% of total labor force) (national estimate)",SL.UEM.TOTL.NE.ZS,,,,,,,,,,,,,,,,,,,,,,,,,,,,,,,,,,,6.83,,,,,,2.73,,,,,8.7,,,,,3.12,,3.22,,,,,,7.65,6.51,7.86,6.38,
Indonesia,IDN,"Unemployment, total (% of total labor force) (national estimate)",SL.UEM.TOTL.NE.ZS,,,,,,,,,,,,,,,,,1.92,1.29,2.48,,1.66,,2.85,,,2.1,2.59,2.55,2.74,,2.54,2.62,2.73,2.78,4.37,,4.86,4.68,5.46,6.36,6.08,6.08,6.6,6.66,7.3,7.94,7.55,8.06,7.21,6.11,5.61,5.15,4.47,4.34,4.05,4.51,4.3,3.78,4.39,3.59,4.25,3.83,3.46
Iran,IRN,"Unemployment, total (% of total labor force) (national estimate)",SL.UEM.TOTL.NE.ZS,,,,,,,,,,,,,,,,,,,,,,,,,,,14.2,,,,,11.1,,,,,9.1,,,,,,12.8,,10.3,11.81,11.52,10.77,10.63,12.11,13.68,12.49,12.27,10.6,10.68,11.17,12.62,12.23,12.19,10.74,9.69,9.28,
Iraq,IRQ,"Unemployment, total (% of total labor force) (national estimate)",SL.UEM.TOTL.NE.ZS,,,,,,,,,,,,,,,,,,,,,,,,,,,,,,,,,,,,,,,,,,,,,,,,8.65,,,,,7.96,,10.59,,10.82,13.02,,,,16.17,
Ireland,IRL,"Unemployment, total (% of total labor force) (national estimate)",SL.UEM.TOTL.NE.ZS,,,,,,,,,,,,,,,,,,,,,,,,14.76,16.44,17.92,18.02,18.06,17.43,16.09,14.08,15.77,15.02,15.57,14.54,11.97,11.69,10.19,7.7,5.8,4.32,3.68,4.22,4.48,4.49,4.34,4.41,4.98,6.77,12.61,14.53,15.35,15.45,13.73,11.86,9.91,8.37,6.71,5.74,4.95,5.62,6.19,4.48
Israel,ISR,"Unemployment, total (% of total labor force) (national estimate)",SL.UEM.TOTL.NE.ZS,,,,,,,,,,4.47,3.82,3.46,2.7,2.64,3.05,,3.47,,3.42,2.78,4.59,4.92,4.81,4.32,5.69,6.33,,,,,12.24,13.39,14.08,12.74,9.93,8.78,8.46,9.75,10.75,11.18,11.1,11.81,12.89,13.51,13.03,11.34,10.71,9.38,7.7,9.53,8.48,7.14,6.76,6.14,5.79,5.18,4.72,4.14,3.92,3.73,4.17,4.81,
Italy,ITA,"Unemployment, total (% of total labor force) (national estimate)",SL.UEM.TOTL.NE.ZS,,,,,,,,,,,5.44,5.44,6.39,6.37,5.38,5.82,6.64,7.12,7.24,7.64,7.53,,9.03,8.53,9.4,9.4,10.53,10.72,10.97,10.99,9.78,10.1,9.32,10.21,11.09,11.66,11.86,11.98,12.12,11.68,10.83,9.6,9.21,8.87,7.87,7.73,6.78,6.08,6.72,7.75,8.36,8.36,10.65,12.15,12.68,11.9,11.69,11.21,10.61,9.95,9.16,9.5,8.07
Jamaica,JAM,"Unemployment, total (% of total labor force) (national estimate)",SL.UEM.TOTL.NE.ZS,,,,,,,,,,17.58,,,23.18,22.11,20.5,19.65,21.81,,23.72,,35.51,25,26.7,,,33.39,,,23.03,,15.72,15.74,15.75,16.32,15.34,16.23,16.01,16.35,15.5,15.74,15.54,14.93,14.19,11.73,12.21,11.26,10.32,9.75,6.67,7.31,7.63,8.03,8.69,9.7,9.05,13.51,8.63,7.4,5.47,4.99,6.5,5.19,
Japan,JPN,"Unemployment, total (% of total labor force) (national estimate)",SL.UEM.TOTL.NE.ZS,1.7,1.4,1.3,1.3,1.1,1.2,1.3,1.3,1.2,1.1,1.1,1.2,1.4,1.3,1.4,1.9,2,2,2.2,2.1,2,2.2,2.4,2.6,2.7,2.6,2.8,2.8,2.5,2.3,2.1,2.06,2.16,2.54,2.89,3.15,3.38,3.37,4.08,4.68,4.75,5.02,5.39,5.25,4.73,4.45,4.19,3.89,4,5.07,5.1,4.55,4.36,4.04,3.59,3.39,3.13,2.82,2.47,2.35,2.81,2.83,2.6
Jordan,JOR,"Unemployment, total (% of total labor force) (national estimate)",SL.UEM.TOTL.NE.ZS,,,,,,,,,,,,,,,,,,,,,,,,6.6,,,13.3,14.8,,,,,,19.7,,14.6,13.7,,,,13.7,14.7,15.3,14.5,,14.8,14,13.1,12.7,12.9,12.5,12.9,12.2,12.6,11.9,13.08,15.28,18.12,18.26,16.8,19.21,19.84,
Kazakhstan,KAZ,"Unemployment, total (% of total labor force) (national estimate)",SL.UEM.TOTL.NE.ZS,,,,,,,,,,,,,,,,,,,,,,,,,,,,,,,,0.05,0.4,1.11,7.54,10.98,12.96,13.01,13.13,13.46,12.75,10.43,9.33,8.78,8.4,8.13,7.79,7.26,6.63,6.55,5.77,5.39,5.29,5.2,5.06,4.93,4.96,4.9,4.85,4.8,4.89,,4.86
Kenya,KEN,"Unemployment, total (% of total labor force) (national estimate)",SL.UEM.TOTL.NE.ZS,,,,,,,,,,,,,,,,,,,,,,,,,,,,,,,,,,,,,,,,10,,,,,,9.96,9.96,,,9.6,,,,,,,2.76,,,5.01,,5.69,
Kosovo,XKX,"Unemployment, total (% of total labor force) (national estimate)",SL.UEM.TOTL.NE.ZS,,,,,,,,,,,,,,,,,,,,,,,,,,,,,,,,,,,,,,,,,11.63,57,55,49.7,39.7,41.4,44.9,46.3,47.5,45.4,,,30.88,29.77,35.26,32.84,27.49,30.34,27.76,25.07,25.46,20.39,
Kuwait,KWT,"Unemployment, total (% of total labor force) (national estimate)",SL.UEM.TOTL.NE.ZS,,,,,,,,,,,,,,,,,,,,,,,,1.02,,,,,1.91,,,,,0.8,0.7,,0.7,0.7,0.7,0.7,0.8,0.8,1.1,1.3,1.7,1.95,1.3,1.5,1.75,1.64,1.82,,,,2.9,2.2,2.16,,,,,,
Kyrgyzstan,KGZ,"Unemployment, total (% of total labor force) (national estimate)",SL.UEM.TOTL.NE.ZS,,,,,,,,,,,,,,,,,,,,,,,,,,,,,,,,,,,,,,,,,7.54,7.84,12.55,9.92,8.53,8.11,8.27,8.1,8.22,8.41,6.01,5.82,4.67,4.3,4.05,3.36,3.25,2.65,3.67,4.25,4.63,4.1,
Kiribati,KIR,"Unemployment, total (% of total labor force) (national estimate)",SL.UEM.TOTL.NE.ZS,,,,,,,,,,,,,,,,,,,,,,,,,,,,,,,,,,,,,,,,,,,,,,14.65,,,,,30.58,,,,,9.33,,,,8.56,10.97,,
St. Kitts and Nevis,KNA,"Unemployment, total (% of total labor force) (national estimate)",SL.UEM.TOTL.NE.ZS,,,,,,,,,,,,,,,,,,,,,9.83,,,,,,,,,,,5.14,,,,,,,,,,5.12,,,,,,,,,,,,,,,,,,,,,
Laos,LAO,"Unemployment, total (% of total labor force) (national estimate)",SL.UEM.TOTL.NE.ZS,,,,,,,,,,,,,,,,,,,,,,,,,,,,,,,,,,,,2.6,,,,,,,,,,1.35,,,,,0.71,,,,,,,3.27,,,,,
Latvia,LVA,"Unemployment, total (% of total labor force) (national estimate)",SL.UEM.TOTL.NE.ZS,,,,,,,,,,,,,,,,,,,,,,,,,,,,,,,,,,,,,20.93,14.9,14.45,13.79,14.21,13.82,13.83,12.06,11.71,10.03,7.03,6.05,7.74,17.51,19.48,16.21,15.05,11.87,10.85,9.87,9.64,8.72,7.41,6.31,8.1,7.51,6.81
Lebanon,LBN,"Unemployment, total (% of total labor force) (national estimate)",SL.UEM.TOTL.NE.ZS,,,,,,,,,,,,,,,,,,,,,,,,,,,,,,,,,,,,,,8.62,,,,,,,7.85,,,8.98,,6.35,,,,,,,,,,11.3,,,
Lesotho,LSO,"Unemployment, total (% of total labor force) (national estimate)",SL.UEM.TOTL.NE.ZS,,,,,,,,,,,,,,,,,,,,,,,,,,,10,,,,,,,,,,,37.94,,27.27,,,,,,,,,35.46,,,,,24.58,,,,,,16.88,,,
Liberia,LBR,"Unemployment, total (% of total labor force) (national estimate)",SL.UEM.TOTL.NE.ZS,,,,,,,,,,,,,,,,,,,,,,,,,,,,,,,,,,,,,,,,,,,,,,,,,,,2.27,,,,2.08,,3.08,5.95,,,,,
Libya,LBY,"Unemployment, total (% of total labor force) (national estimate)",SL.UEM.TOTL.NE.ZS,,,,,,,,,,,,,,,,,,,,,,,,,,,,,,,,,,,,,,,,,,,,,,,,,,,,,19.03,,,,,,,,,,
Lithuania,LTU,"Unemployment, total (% of total labor force) (national estimate)",SL.UEM.TOTL.NE.ZS,,,,,,,,,,,,,,,,,,,,,,,,,,,,,,,,,,,17.33,17.54,16.4,14.13,13.71,13.39,15.93,16.84,13.01,12.87,10.68,8.32,5.78,4.25,5.83,13.79,17.81,15.39,13.36,11.77,10.7,9.12,7.86,7.07,6.15,6.26,8.49,7.11,5.96
Luxembourg,LUX,"Unemployment, total (% of total labor force) (national estimate)",SL.UEM.TOTL.NE.ZS,,,,,,,,,,,,,,,,,,,,,,,,3.2,2.63,2.96,2.63,2.47,2,1.59,1.61,1.48,2.03,2.33,3.48,2.92,3.29,2.53,2.76,2.39,2.35,1.81,2.62,3.68,5.11,4.49,4.73,4.07,5.06,5.12,4.36,4.9,5.14,5.85,5.85,6.67,6.29,5.52,5.59,5.59,6.77,5.25,4.58
Madagascar,MDG,"Unemployment, total (% of total labor force) (national estimate)",SL.UEM.TOTL.NE.ZS,,,,,,,,,,,,,,,,,,,,,,,,,,,,,,,,,,,,,,,,,5.8,5.35,,5.01,,2.62,,,,,4.28,,0.6,,,1.79,,,,,,,
Malawi,MWI,"Unemployment, total (% of total labor force) (national estimate)",SL.UEM.TOTL.NE.ZS,,,,,,,,,,,,,,,,,,,,,,,,5.4,,,,,,,,,,,,,,,,,,,,,,0.94,,,,,,1.74,,4.98,,,,3.54,,,0.91,,
Malaysia,MYS,"Unemployment, total (% of total labor force) (national estimate)",SL.UEM.TOTL.NE.ZS,,,,,,,,,,,,,,,,,,,,,,,3.4,3.8,5.84,6.92,8.29,7.33,7.26,5.73,4.5,,3.71,4.11,,3.15,2.52,2.45,3.2,3.43,3,3.53,3.48,3.61,3.54,3.53,,3.23,3.32,3.66,3.39,3.05,3.1,3.16,2.88,3.1,3.44,3.41,3.3,3.26,4.54,,
Maldives,MDV,"Unemployment, total (% of total labor force) (national estimate)",SL.UEM.TOTL.NE.ZS,,,,,,,,,,,,,,,,,,,,,,,,,,,,,,,,,,,,0.79,,,,,1.97,,,,,,,,,11.7,,,,,3.85,,5.77,,,4.56,,,
Mali,MLI,"Unemployment, total (% of total labor force) (national estimate)",SL.UEM.TOTL.NE.ZS,,,,,,,,,,,,,,,,,,,,,,,,,,,,,,,,,,,,,,3.3,,,,,,,8.75,,,11.71,,,8.07,6.9,,6.35,6.38,7.73,1.37,7.41,1.62,,3.53,,
Malta,MLT,"Unemployment, total (% of total labor force) (national estimate)",SL.UEM.TOTL.NE.ZS,,,,,,,,,,,,,,,,,,,,,,,,8.5,,8.1,6.8,4.4,4,3.7,3.9,3.6,4,4.5,4.1,3.7,4.4,5,5.1,5.3,6.32,7.11,6.9,7.49,7.32,6.92,6.8,6.47,5.98,6.89,6.85,6.38,6.2,6.11,5.72,5.38,4.69,4,3.66,3.62,4.35,3.39,2.92
Mauritania,MRT,"Unemployment, total (% of total labor force) (national estimate)",SL.UEM.TOTL.NE.ZS,,,,,,,,,,,,,,,,,,14.14,,,,,,,,,,,25.8,,,,,,,,,,,,,,,,,,,,,,,,9.86,,,,,10.34,,10.42,,,
Mauritius,MUS,"Unemployment, total (% of total labor force) (national estimate)",SL.UEM.TOTL.NE.ZS,,,,,,,,,,,,,,,,,,,,,,,,,,,,,,,,,,,,9.59,,,,,,9.14,8.2,5.9,8.34,9.52,9.04,8.48,7.17,7.26,7.65,7.45,7.47,7.32,7.47,7.41,6.81,6.75,6.43,6.33,8.63,7.72,
Mexico,MEX,"Unemployment, total (% of total labor force) (national estimate)",SL.UEM.TOTL.NE.ZS,,,,,,,,,,,,,,,,,,,,,,,,,,,,,1.76,,,3.15,3.24,3.37,4.44,7.1,5.47,4.24,3.73,2.6,2.65,2.63,3,3.46,3.94,3.56,3.57,3.63,3.87,5.36,5.3,5.17,4.89,4.91,4.81,4.31,3.85,3.42,3.27,3.48,4.44,4.09,3.26
Moldova,MDA,"Unemployment, total (% of total labor force) (national estimate)",SL.UEM.TOTL.NE.ZS,,,,,,,,,,,,,,,,,,,,,,,,,,,,,,,,,,,,,,,,11.14,8.54,7.37,6.84,6.38,6.37,5.63,4.26,2.75,2.1,3.02,2.97,2.68,2.19,1.89,1.45,1.78,1.59,1.62,1.24,1.5,1.21,0.79,0.91
Mongolia,MNG,"Unemployment, total (% of total labor force) (national estimate)",SL.UEM.TOTL.NE.ZS,,,,,,,,,,,,,,,,,,,,,,,,,,,,,,,,,,,,5.5,,,,,,,6.2,6.77,,,7.19,7.2,5.56,5.86,6.55,4.77,3.9,4.23,4.8,4.86,7.24,6.36,5.38,9.27,6.59,7.75,6.21
Montenegro,MNE,"Unemployment, total (% of total labor force) (national estimate)",SL.UEM.TOTL.NE.ZS,,,,,,,,,,,,,,,,,,,,,,,,,,,,,,,,,,,,,,,,,,,,,,30.31,,19.4,17.15,19.09,19.65,19.76,19.81,19.59,18.05,17.55,17.73,16.08,15.19,15.13,17.88,16.54,
Morocco,MAR,"Unemployment, total (% of total labor force) (national estimate)",SL.UEM.TOTL.NE.ZS,,,,,,,,,,,,,,,,,,,,,,,,,,,,14.7,13.9,16.3,15.8,16.98,15.68,15.69,,22.86,17.76,16.67,19.12,13.94,13.58,12.46,11.59,11.92,10.83,11.01,9.67,9.56,9.57,8.96,9.09,8.91,8.99,9.23,9.7,9.46,9.3,,,,,12.28,
Mozambique,MOZ,"Unemployment, total (% of total labor force) (national estimate)",SL.UEM.TOTL.NE.ZS,,,,,,,,,,,,,,,,,,,,,,,,,,,,,,,,,,,,,,2.7,,,,,,,,,,,,,,,,,,3.43,,,,,,,
Myanmar,MMR,"Unemployment, total (% of total labor force) (national estimate)",SL.UEM.TOTL.NE.ZS,,,,,,,,,,,,,,,,,,,,,,,,,,,,,,,6,,,,,,,,,,,,,,,,,,,,,,,,,0.77,,1.36,0.77,0.41,1.48,,
Namibia,NAM,"Unemployment, total (% of total labor force) (national estimate)",SL.UEM.TOTL.NE.ZS,,,,,,,,,,,,,,,,,,,,,,,,,,,,,,,,19.14,,,19.4,,,24.45,,,20.3,,,,22.09,,,,,,22.12,,16.77,19.03,18.52,,23.35,,19.88,,,,
Nepal,NPL,"Unemployment, total (% of total labor force) (national estimate)",SL.UEM.TOTL.NE.ZS,,,,,,,,,,,,,,,,,,,,,,,,,,,,,,,,,,,,,4.5,,,1.85,,,,,,,,,1.33,,,,,,,3.1,,10.66,,,,,
Netherlands,NLD,"Unemployment, total (% of total labor force) (national estimate)",SL.UEM.TOTL.NE.ZS,,,,,,,,,,,,,,,,6,,5.88,,6.16,,7.92,,11.85,,10.48,,9.9,9.37,8.7,7.67,7.28,5.56,6.29,7.16,7.16,6.42,5.51,4.39,3.62,2.73,2.12,2.55,3.59,4.65,5.87,5,4.15,3.65,4.35,4.99,4.98,5.82,7.24,7.42,6.87,6.01,4.84,3.83,3.38,3.82,4.21,3.52
New Zealand,NZL,"Unemployment, total (% of total labor force) (national estimate)",SL.UEM.TOTL.NE.ZS,,,,,,,,,,,,,,,,,,,,,,,,,,,4.19,4.21,5.77,7.31,7.98,10.61,10.67,9.8,8.35,6.46,6.29,6.86,7.72,7.02,6.13,5.43,5.28,4.75,4.01,3.81,3.86,3.66,4.17,6.12,6.56,6.49,6.93,5.84,5.43,5.42,5.15,4.74,4.34,4.11,4.6,3.78,3.3
Nicaragua,NIC,"Unemployment, total (% of total labor force) (national estimate)",SL.UEM.TOTL.NE.ZS,,,,,,,,,,,,,,,,,,,,,,,,,,3.2,4.7,5.8,6,8.66,,,,,,,,,,,,4.12,,7.6,6.41,5.37,5.31,4.89,6.2,8.16,7.83,,5.21,5.28,4.52,4.7,3.9,3.3,5.2,,,,
Niger,NER,"Unemployment, total (% of total labor force) (national estimate)",SL.UEM.TOTL.NE.ZS,,,,,,,,,,,,,,,,,,,,,,,,,,,,,,,,,,,,,,,,,,1.47,,,,3.1,,,,,,0.32,2.18,,0.52,,,7.77,,,,,
Nigeria,NGA,"Unemployment, total (% of total labor force) (national estimate)",SL.UEM.TOTL.NE.ZS,,,,,,,,,,,,,,,,,,,,,,,,,,,3.94,,,,,,,,,,,,,,,,,,,,,,,,,3.77,,3.71,4.56,4.31,7.06,8.39,,10.7,,,
North Macedonia,MKD,"Unemployment, total (% of total labor force) (national estimate)",SL.UEM.TOTL.NE.ZS,,,,,,,,,,,,,,,,,,,,,,,22,20.9,21.1,21.6,21.7,21.5,21.4,22.6,23.6,24.5,26.3,27.7,30,35.6,38.8,36,34.5,32.4,32.2,30.52,31.94,36.69,37.16,37.32,36.39,35.23,33.93,32.35,33.13,31.5,31.2,29.14,28.38,26.43,24.3,22.81,21.2,17.39,16.55,15.78,14.43
Norway,NOR,"Unemployment, total (% of total labor force) (national estimate)",SL.UEM.TOTL.NE.ZS,,,,,,,,,,,,,1.67,1.55,1.48,2.29,1.76,1.46,1.8,1.99,1.65,2.03,1.7,2.04,2.9,2.32,1.79,2.03,3.02,4.83,5.23,5.47,5.92,5.94,5.42,6.31,5.04,4.69,3.74,3.25,3.46,3.74,4.02,4.22,4.26,4.38,3.4,2.49,2.55,3.1,3.52,3.21,3.12,3.42,3.48,4.3,4.68,4.16,3.8,3.69,4.42,4.37,3.23
Nauru,NRU,"Unemployment, total (% of total labor force) (national estimate)",SL.UEM.TOTL.NE.ZS,,,,,,,,,,,,,,,,,,,,,,,,,,,,,,,,,,,,,,,,,,,22.76,,,,,,,,,22.96,,13.28,,,,,,,,5.06,
Oman,OMN,"Unemployment, total (% of total labor force) (national estimate)",SL.UEM.TOTL.NE.ZS,,,,,,,,,,,,,,,,,,,,,,,,,,,,,,,,,,,,,,,,,,,,,,,,,4.14,,,,,,,,3.27,,1.8,,2.94,1.9,
Pakistan,PAK,"Unemployment, total (% of total labor force) (national estimate)",SL.UEM.TOTL.NE.ZS,,,,,,,,,,,,2.09,2.15,2,1.67,1.7,1.9,1.9,4.18,4.12,4.01,3.82,3.82,4.3,4.16,3.97,3.97,3.05,2.16,2.03,1.97,5.85,5.18,4.28,4.26,5.03,4.79,5.81,5.7,5.35,7.16,6.88,7.83,7.49,7.4,7.05,0.58,0.4,0.42,0.54,0.65,0.8,3.67,2.95,1.83,3.57,2.29,,4.08,4.83,,6.34,
Panama,PAN,"Unemployment, total (% of total labor force) (national estimate)",SL.UEM.TOTL.NE.ZS,,,,,,,,,,,7.1,7.6,6.79,6.99,5.8,6.41,6.67,8.73,8.06,8.78,,,8.41,9.71,10.08,12.34,10.53,11.84,16.33,16.31,11.6,16.12,14.67,13.26,14,14.01,14.32,13.37,14.02,11.75,13.53,14.71,14.11,13.62,12.44,10.33,9.11,6.78,4.87,6.56,5.83,3.92,3.71,3.73,4.44,4.4,4.84,5.46,5.31,6.41,18.55,10.29,8.28
Paraguay,PRY,"Unemployment, total (% of total labor force) (national estimate)",SL.UEM.TOTL.NE.ZS,,,,,,,,,,,,,,,,,,,,5.69,4.11,,5.61,8.25,7.33,5.13,6.1,5.51,4.72,5.62,5.8,5.1,4.98,5.06,4.41,3.4,8.15,5.36,4.42,5.34,7.61,6.21,9.39,6.81,6.51,4.82,5.28,4.71,4.42,5.46,4.57,4.67,4.09,4.38,5.03,4.56,5.25,6.14,6.22,6.59,7.55,7.31,6.75
Peru,PER,"Unemployment, total (% of total labor force) (national estimate)",SL.UEM.TOTL.NE.ZS,,,,,,,,,,5.9,4.84,4.57,4.4,4.23,4,4.92,5.2,5.82,6.5,7.12,6.97,6.77,6.98,9.2,10.5,11.79,5.32,3.63,,7.92,8.6,5.8,9.4,9.87,,,7.07,7.69,7.75,7.99,7.8,7.88,4.84,4.15,4.71,4.87,4.17,4.08,4.03,3.96,3.6,3.48,3.24,3.57,3.21,3.27,3.74,3.69,3.49,3.38,7.18,5.1,3.85
Philippines,PHL,"Unemployment, total (% of total labor force) (national estimate)",SL.UEM.TOTL.NE.ZS,,,,,,,,,,6.7,,5.28,5.36,4.77,3.21,3.83,4.8,4.47,4,3.5,4.75,5.36,5.5,4.89,7.03,6.07,6.43,9.1,8.34,8.42,8.13,10.6,9.87,9.29,9.48,9.53,8.56,8.78,10.25,9.81,11.19,3.7,,3.53,3.55,3.8,4.05,3.43,3.72,3.86,3.61,3.59,3.5,3.5,3.6,3.07,2.7,2.55,2.34,2.24,2.52,3.4,
Poland,POL,"Unemployment, total (% of total labor force) (national estimate)",SL.UEM.TOTL.NE.ZS,,,,,,,,,,,,,,,,,,,,,,,,,,,,,,,,,,14.01,14.44,13.34,12.34,10.96,9.94,12.29,16.31,18.37,19.89,19.37,19.07,17.75,13.84,9.6,7.12,8.17,9.64,9.63,10.09,10.33,8.99,7.5,6.16,4.89,3.85,3.28,3.16,3.36,2.89
Portugal,PRT,"Unemployment, total (% of total labor force) (national estimate)",SL.UEM.TOTL.NE.ZS,,,,,,,,,,,,,,,1.77,4.5,6.4,,7.89,7.94,,,,7.3,,8.18,8.7,7.38,6.01,5.13,4.64,3.92,3.98,5.3,6.71,7.06,7.3,6.57,4.64,4.58,3.81,3.83,4.5,6.13,6.32,7.58,7.65,7.97,7.55,9.43,10.77,12.68,15.53,16.19,13.9,12.45,11.07,8.87,6.99,6.46,6.8,6.58,6.01
Puerto Rico,PRI,"Unemployment, total (% of total labor force) (national estimate)",SL.UEM.TOTL.NE.ZS,,,,,,,,,,,,11.52,11.83,11.61,13.13,,19.65,19.04,16.73,14.53,17.1,17.83,19.91,22.24,20,20.67,19.53,17.01,15.01,14.6,14.52,16.18,16.93,16.91,14.6,13.93,13.64,13.8,13.46,11.81,10.08,11.4,11.94,11.78,10.31,11.35,11.01,10.93,11.48,15,16.1,15.7,14.5,14.3,13.9,12,11.8,10.8,9.2,8.3,,7.9,6
Qatar,QAT,"Unemployment, total (% of total labor force) (national estimate)",SL.UEM.TOTL.NE.ZS,,,,,,,,,,,,,,,,,,,,,,,,,,,,,,,,,,,,,,,,,,,,,1.48,,0.87,0.52,0.31,0.31,0.45,0.56,0.48,0.28,0.2,0.17,0.15,0.14,0.11,0.1,0.14,0.14,0.13
Romania,ROU,"Unemployment, total (% of total labor force) (national estimate)",SL.UEM.TOTL.NE.ZS,,,,,,,,,,,,,,,,,,,,,,,,,,,,,,,,,8.26,,8.17,8.01,6.74,5.52,5.63,6.24,6.97,6.56,8.11,6.95,7.72,7.17,7.27,6.41,5.79,6.86,6.96,7.18,6.79,7.1,6.8,6.81,5.9,4.93,4.19,3.91,5.03,5.59,5.61
Russia,RUS,"Unemployment, total (% of total labor force) (national estimate)",SL.UEM.TOTL.NE.ZS,,,,,,,,,,,,,,,,,,,,,,,,,,,,,,,,,5.18,5.88,8.13,9.45,9.67,11.81,13.26,13.04,10.58,8.98,7.88,8.21,7.76,7.12,7.06,6,6.21,8.3,7.37,6.54,5.44,5.46,5.16,5.57,5.56,5.21,4.85,4.5,5.59,4.72,3.87
Rwanda,RWA,"Unemployment, total (% of total labor force) (national estimate)",SL.UEM.TOTL.NE.ZS,,,,,,,,,,,,,,,,,,,,,,,,,,,,,,0.8,,0.3,,,,,0.56,,,,,,0.89,,,,,,,,,,,,1.17,,,11.88,10.76,11.24,11.83,15.79,15.08
Saudi Arabia,SAU,"Unemployment, total (% of total labor force) (national estimate)",SL.UEM.TOTL.NE.ZS,,,,,,,,,,,,,,,,,,,,,,,,,,,,,,,,,7.2,,,,,,,4.35,4.57,4.62,5.26,5.56,5.82,6.05,6.25,5.73,5.09,5.38,5.55,,5.62,5.6,5.88,5.6,5.6,5.89,6.03,5.64,7.66,6.62,5.59
Senegal,SEN,"Unemployment, total (% of total labor force) (national estimate)",SL.UEM.TOTL.NE.ZS,,,,,,,,,,,,,,,,,,,,,,,,,,,,,,,,,,,,,,,,,,,5.65,,,,10.03,,,,,10.36,,,,6.76,4.46,4.08,3.57,2.86,,,
Serbia,SRB,"Unemployment, total (% of total labor force) (national estimate)",SL.UEM.TOTL.NE.ZS,,,,,,,,,,,,,,,,,,,,,,,,,,,,,,,,,,,,13.4,13.2,13.8,13.7,13.7,12.6,12.8,13.8,15.2,18.5,20.85,20.85,18.06,13.67,16.12,19.2,22.96,24,22.15,19.22,17.66,15.26,13.48,12.73,10.39,9.01,10.06,8.68
Sierra Leone,SLE,"Unemployment, total (% of total labor force) (national estimate)",SL.UEM.TOTL.NE.ZS,,,,,,,,,,,,,,,,,,,,,,,,,,,,,,,,,,,,,,,,,,,,3.88,3.42,,,,,,,,,,4.68,,,,3.19,,,,
Singapore,SGP,"Unemployment, total (% of total labor force) (national estimate)",SL.UEM.TOTL.NE.ZS,,,,,,,,,,,6.06,4.8,4.7,4.51,3.97,4.55,4.48,3.93,2.26,2.12,1.8,1.65,1.5,1.69,2.69,4.27,6.84,5,3.55,2.35,,2.18,3.09,3.07,3.03,3.3,3.57,2.5,3.41,4.85,3.7,3.76,5.65,5.93,5.84,5.59,4.48,3.9,3.96,5.86,4.12,3.89,3.72,3.86,3.74,3.79,4.08,4.2,,3.1,4.1,4.64,3.59
Slovakia,SVK,"Unemployment, total (% of total labor force) (national estimate)",SL.UEM.TOTL.NE.ZS,,,,,,,,,,,,,,,,,,,,,,,,,,,,,,,,,,12.2,13.65,13.11,11.34,11.89,12.42,16.1,18.55,19.15,18.54,17.55,18.21,16.28,13.39,11.16,9.51,12.02,14.39,13.63,13.97,14.23,11.54,11.49,9.68,8.14,6.54,5.76,6.72,6.89,6.14
Slovenia,SVN,"Unemployment, total (% of total labor force) (national estimate)",SL.UEM.TOTL.NE.ZS,,,,,,,,,,,,,,,,,,,,,,,,,,,,,,,,7.08,,8.51,8.24,7.15,6.91,6.65,7.39,7.32,6.92,6.39,6.35,6.71,6.33,6.55,5.99,4.87,4.41,5.89,7.26,8.2,8.88,10.14,9.72,9,8.02,6.57,5.13,4.45,4.99,4.74,4.01
Solomon Islands,SLB,"Unemployment, total (% of total labor force) (national estimate)",SL.UEM.TOTL.NE.ZS,,,,,,,,,,,,,,,,,,,,,,,,,,,,,,,,,,,,,,,,,,,,,,,,,,2.02,,,,0.69,,,,,,,,,
Somalia,SOM,"Unemployment, total (% of total labor force) (national estimate)",SL.UEM.TOTL.NE.ZS,,,,,,,,,,,,,,,,,,,,,,,,,,,,,,,,,,,,,,,,,,,,,,,,,,,,,,,,,,,,18.83,,,
South Africa,ZAF,"Unemployment, total (% of total labor force) (national estimate)",SL.UEM.TOTL.NE.ZS,,,,,,,,,,,,,,,,,,,,,,,,,,,,,,,,,,,,,,,25,25.37,29.88,25.37,27.18,27.12,24.67,23.84,22.62,22.33,19.51,20.51,23.18,21.42,21.79,22.04,22.61,22.87,24.02,23.99,24.22,25.54,24.34,28.77,28.84
South Korea,KOR,"Unemployment, total (% of total labor force) (national estimate)",SL.UEM.TOTL.NE.ZS,,,,,,,,,,4.86,4.51,4.57,4.59,4.04,4.15,4.18,3.81,3.81,3.17,3.81,5.2,4.51,4.36,4.07,3.8,3.98,3.81,3.09,2.52,2.57,2.45,2.41,2.51,2.88,2.48,2.06,2.05,2.61,6.96,6.34,4.06,3.7,3.05,3.35,3.42,3.48,3.25,3.01,2.96,3.36,3.32,2.99,2.81,2.75,3.08,3.55,3.65,3.65,3.82,3.75,3.93,3.64,2.86
South Sudan,SSD,"Unemployment, total (% of total labor force) (national estimate)",SL.UEM.TOTL.NE.ZS,,,,,,,,,,,,,,,,,,,,,,,,,,,,,,,,,,,,,,,,,,,,,,,,,12.15,,,,,,,,,,,,,,
Spain,ESP,"Unemployment, total (% of total labor force) (national estimate)",SL.UEM.TOTL.NE.ZS,,,,,,,,,,1.3,1.1,1.5,1.5,2.49,3.04,4.8,2.9,5.2,6.97,8.61,11.4,14.17,16,17.49,20.25,21.64,21.26,20.61,19.85,17.33,16.27,15.93,17.7,22.16,24.21,22.68,22.14,20.7,18.67,15.48,13.79,10.35,11.15,11.28,11.09,9.15,8.45,8.23,11.25,17.86,19.86,21.39,24.79,26.09,24.44,22.06,19.64,17.22,15.25,14.1,15.53,14.78,12.92
Sri Lanka,LKA,"Unemployment, total (% of total labor force) (national estimate)",SL.UEM.TOTL.NE.ZS,,,,,,,,,,,,,,,,,,,,,,,,,,,,,,,15.9,14.66,14.22,13.82,13.03,12.27,11.35,10.6,9.17,8.88,7.74,7.9,8.76,8.22,8.38,7.67,6.5,5.97,5.22,5.85,4.78,4.12,3.88,4.19,4.16,4.52,4.24,4.05,4.32,4.67,5.36,,
State of Pelestine,PSE,"Unemployment, total (% of total labor force) (national estimate)",SL.UEM.TOTL.NE.ZS,,,,,,,,,,,,,,,,,,,,,,,,,,,,,,,,,,,,,,,,,10.63,21.49,27.46,23,23.21,20.02,19.01,18.28,22.91,20.45,21.42,17.6,19.2,19.89,20.53,23,23.94,25.68,26.26,25.34,25.89,26.39,24.42
Sudan,SDN,"Unemployment, total (% of total labor force) (national estimate)",SL.UEM.TOTL.NE.ZS,,,,,,,,,,,,,,,,,,,19.4,,,,,13.2,,12.1,13.11,,,,,,,,,,,,,,,,,,,,,,14.8,13,,17.44,,,,,,,,,,,
Suriname,SUR,"Unemployment, total (% of total labor force) (national estimate)",SL.UEM.TOTL.NE.ZS,,,,,,,,,,,,,,,,,,,,,,,,,,,16.37,19.53,,15.51,15.65,,17.28,15.64,12.7,8.39,10.88,10.56,10.63,13.6,,,,,9.49,,,,,8.72,7.15,7.54,8.1,6.6,6.94,7.22,7.92,,,,,,
Sweden,SWE,"Unemployment, total (% of total labor force) (national estimate)",SL.UEM.TOTL.NE.ZS,,,,,,,,,,1.89,1.51,2.55,2.7,2.46,1.98,1.62,1.61,,,,,,3.14,3.48,3.07,2.83,2.23,2.15,,1.46,1.74,3.13,5.59,9.19,9.49,8.9,9.55,10.36,8.94,7.61,5.47,4.73,4.97,5.55,6.69,7.49,7.07,6.16,6.23,8.35,8.61,7.8,7.98,8.05,7.95,7.43,6.99,6.72,6.36,6.83,8.29,8.72,7.39
Switzerland,CHE,"Unemployment, total (% of total labor force) (national estimate)",SL.UEM.TOTL.NE.ZS,,,,,,,,,,,,,,,,0.3,0.7,0.4,0.4,0.4,0.2,0.2,0.4,0.9,1.1,1,0.8,0.8,0.7,0.6,2.07,1.82,2.34,3.55,3.58,3.09,3.68,4.13,3.57,3.05,2.66,2.49,2.92,4.12,4.32,4.44,3.99,3.64,3.35,4.11,4.81,4.41,4.49,4.75,4.83,4.8,4.92,4.8,4.71,4.39,4.82,5.1,4.3
Syria,SYR,"Unemployment, total (% of total labor force) (national estimate)",SL.UEM.TOTL.NE.ZS,,,,,,,,,,4.3,6.4,7.5,4.7,4.5,5.1,4.81,6.2,5,4.5,3.8,,,,4.24,4.7,,,,,5.78,,6.75,,7.4,7.5,7.2,,,,7.6,,11.63,11.68,10.28,,,8.17,8.42,10.94,8.14,8.61,,,,,,,,,,,,
Tajikistan,TJK,"Unemployment, total (% of total labor force) (national estimate)",SL.UEM.TOTL.NE.ZS,,,,,,,,,,,,,,,,,,,,,,,,,,,,,,,,,0.4,1.2,1.7,2,2.6,2.7,3.2,3,2.7,2.3,2.5,3.85,2,2,2.2,2.87,,11.5,,,,,,,6.9,,,,,,
Tanzania,TZA,"Unemployment, total (% of total labor force) (national estimate)",SL.UEM.TOTL.NE.ZS,,,,,,,,,,,,,,,,,,,,,,,,,,,,,,,,3.6,,,,,,,,,,2.99,3.6,,,,3.3,,0.34,2.5,1.31,3.47,2.61,2.93,2.12,,,,,,2.78,,
Thailand,THA,"Unemployment, total (% of total labor force) (national estimate)",SL.UEM.TOTL.NE.ZS,,,,,,,,,,,,0.19,0.51,0.43,0.47,0.45,0.6,0.9,0.75,0.92,0.93,1.26,2.66,2.9,2.9,4.93,3.5,5.77,3.04,1.39,2.21,2.63,1.35,1.49,1.35,1.1,1.07,0.87,3.4,2.97,2.39,2.6,,1.54,1.51,1.35,1.22,1.18,1.18,1.49,0.62,0.66,0.58,0.25,0.58,0.6,0.69,0.83,0.77,0.72,1.1,1.21,0.94
Timor-Leste,TLS,"Unemployment, total (% of total labor force) (national estimate)",SL.UEM.TOTL.NE.ZS,,,,,,,,,,,,,,,,,,,,,,,,,,,,,,,,,,,,,,,,,,5.24,,,,,,5.65,,,3.3,,,4.05,,,4.66,,,,,2.34,
Togo,TGO,"Unemployment, total (% of total labor force) (national estimate)",SL.UEM.TOTL.NE.ZS,,,,,,,,,,,,,,,,,,,,,,,,,,,,,,,,,,,,,,,,,,,,,,,4.23,,,,,1.98,,,,2.2,,3.74,,,,,
Tonga,TON,"Unemployment, total (% of total labor force) (national estimate)",SL.UEM.TOTL.NE.ZS,,,,,,,,,,,,,,,,,,,,,,,,,,,,,,,4.16,,,1.3,,,,,,,,,,5.18,,,1.09,,,,,,,,,,,,2.25,,,2.11,
Trinidad and Tobago,TTO,"Unemployment, total (% of total labor force) (national estimate)",SL.UEM.TOTL.NE.ZS,,,,,,,,,,13.17,12.76,13.03,,15.4,15.24,14.99,,8.98,7.27,6.75,6.03,6.31,6.22,6.61,8.17,9.31,9.37,22.11,21.88,21.95,19.87,18.52,19.66,19.81,18.44,17.22,16.25,15.01,14.21,13.12,12.1,10.88,10.39,10.48,8.33,7.95,6.27,5.54,4.63,5.28,4.03,3.43,3.72,2.68,2.48,2.43,3.21,,,3.52,4.21,4.45,
Tunisia,TUN,"Unemployment, total (% of total labor force) (national estimate)",SL.UEM.TOTL.NE.ZS,,,,,,,,,,,,,,,,,,,,,,,,,,,,,,16.13,,,,,,,,15.94,,15.21,14.94,14.4,14.55,14.51,14.23,12.87,12.51,12.36,12.44,13.29,13.05,18.33,17.63,15.93,14.26,15.16,15.56,15.33,15.46,17.15,,,
Turkiye,TUR,"Unemployment, total (% of total labor force) (national estimate)",SL.UEM.TOTL.NE.ZS,,,,,,,,,,,,,,,,,,,,,,,10.93,12.06,11.92,11.21,,,8.04,8.26,8.35,8.11,8.18,8.25,8.15,7.24,6.26,6.45,6.55,7.45,6.3,8.37,10.35,10.55,10.83,10.63,8.72,8.87,9.71,12.55,10.66,8.8,8.15,8.73,9.88,10.24,10.84,10.82,10.89,13.67,13.11,11.98,10.43
Tuvalu,TUV,"Unemployment, total (% of total labor force) (national estimate)",SL.UEM.TOTL.NE.ZS,,,,,,,,,,,,,,,,,,,,,,,,,,,,,,,,,,,,,,,,,,,6.53,,,,,,,,,,,,,,8.49,26.55,,,,,
Uganda,UGA,"Unemployment, total (% of total labor force) (national estimate)",SL.UEM.TOTL.NE.ZS,,,,,,,,,,,,,,,,,,,,,,,,,,,,,,,,,,,,,,,,,,,3.5,3.6,,1.9,,,,3.6,,,3.55,1.91,,,,3.64,,,,3.42,
Ukraine,UKR,"Unemployment, total (% of total labor force) (national estimate)",SL.UEM.TOTL.NE.ZS,,,,,,,,,,,,,,,,,,,,,,,,,,,,,,,,,,,,5.62,7.65,8.93,11.32,11.86,11.71,11.06,10.14,9.06,8.59,7.18,6.81,6.35,6.36,8.84,8.1,7.85,7.53,7.17,9.27,9.14,9.35,9.5,8.8,8.19,9.48,9.83,
United Arab Emirates,ARE,"Unemployment, total (% of total labor force) (national estimate)",SL.UEM.TOTL.NE.ZS,,,,,,,,,,,,,,,,1.96,,,,,,,,,,1.15,,,,,,,,,,1.8,,,,,2.25,,,,,3.12,,,,,,,,,,,1.64,2.46,2.24,2.33,4.29,3.11,
United Kingdom,GBR,"Unemployment, total (% of total labor force) (national estimate)",SL.UEM.TOTL.NE.ZS,,,,,,,,,,,,3.3,3.7,2.6,2.6,4,5.5,5.8,5.7,5.3,6.8,10.4,10.9,11.09,10.9,11.48,11.51,11.02,9,7.41,6.97,8.55,9.77,10.35,9.65,8.69,8.19,7.07,6.2,6.04,5.56,4.7,5.04,4.81,4.59,4.75,5.35,5.26,5.62,7.54,7.79,8.04,7.88,7.52,6.11,5.3,4.81,4.33,4,3.74,,,
United States,USA,"Unemployment, total (% of total labor force) (national estimate)",SL.UEM.TOTL.NE.ZS,5.5,6.7,5.5,5.7,5.2,4.5,3.8,3.8,3.6,3.5,4.9,5.9,5.6,4.9,5.6,8.5,7.7,7.1,6.1,5.8,7.1,7.6,9.7,9.6,7.5,7.2,7,6.2,5.5,5.3,5.6,6.8,7.5,6.9,6.12,5.65,5.45,5,4.51,4.22,3.99,4.73,5.78,5.99,5.53,5.08,4.62,4.62,5.78,9.25,9.63,8.95,8.07,7.37,6.17,5.28,4.87,4.36,3.9,3.67,8.05,5.35,3.65
Uruguay,URY,"Unemployment, total (% of total labor force) (national estimate)",SL.UEM.TOTL.NE.ZS,,,,,,,,,,,7.5,7.6,7.7,8.9,8.1,,,,,,7.3,6.6,11.7,,9.94,,10.7,9.1,,,8.53,8.95,8.96,8.35,9.04,10.02,11.93,11.44,9.36,10.47,12.63,15.05,16.65,16.66,12.98,12.01,10.84,9.4,8.03,7.74,7.16,6.31,6.45,6.44,6.55,7.49,7.84,7.89,8.34,8.73,10.33,9.29,7.87
Uzbekistan,UZB,"Unemployment, total (% of total labor force) (national estimate)",SL.UEM.TOTL.NE.ZS,,,,,,,,,,,,,,,,,,,,,,,,,,,,,,,,,0.2,0.4,0.4,0.4,,,,,0.4,0.4,0.4,0.3,0.4,0.3,0.2,4.99,4.89,5.04,5.36,4.96,4.87,4.86,5.09,5.15,5.16,5.83,9.35,8.98,5.29,,
Vanuatu,VUT,"Unemployment, total (% of total labor force) (national estimate)",SL.UEM.TOTL.NE.ZS,,,,,,,,,,,,,,,,,,,,,,,,,,,,,,,,,,,,,,,,,,,,,,,8.01,,,4.56,1.85,,,,,,,,,5.44,4.05,,
Venezuela,VEN,"Unemployment, total (% of total labor force) (national estimate)",SL.UEM.TOTL.NE.ZS,,,,,,,,,,,,,,,,7.01,6.34,5.11,4.98,5.81,5.89,7,8.05,11.49,12.86,13.16,10.93,9.1,7.28,9.74,13.96,,,,8.56,10.24,11.77,,,,,8.83,16.17,16.78,,10.66,8.61,7.28,6.25,6.1,7.11,6.9,6.6,,,,5.32,5.05,,,7.53,,
Vietnam,VNM,"Unemployment, total (% of total labor force) (national estimate)",SL.UEM.TOTL.NE.ZS,,,,,,,,,,,,,,,,,,,,,,,,,,,,,,,,,,,,,1.93,2.87,2.29,2.33,2.26,2.76,2.12,2.25,2.14,,,2.03,,1.74,1.11,1,1.03,1.32,1.26,1.85,1.85,1.87,1.16,1.68,2.1,2.38,1.54
Yemen,YEM,"Unemployment, total (% of total labor force) (national estimate)",SL.UEM.TOTL.NE.ZS,,,,,,,,,,,,,,,,,,,,,,,,,,,,,,,,,,,8.34,,,,,11.46,,,,,16.23,16.05,15.7,15.33,14.97,14.63,17.82,,,,13.47,,,,,,,,
Zambia,ZMB,"Unemployment, total (% of total labor force) (national estimate)",SL.UEM.TOTL.NE.ZS,,,,,,,,,,,,,,,,,,,,,,,,,,,13,,,,15,18.9,,19.7,,,15.3,,12,,12.93,,,,,15.9,,,7.93,,13.19,,7.85,,,,,8.52,5.03,5.54,6.03,5.2,
Zimbabwe,ZWE,"Unemployment, total (% of total labor force) (national estimate)",SL.UEM.TOTL.NE.ZS,,,,,,,,,,,,,,,,,,,,,,,10.8,,,,,7.18,,,,,,,4.96,,,6.93,,6,,,,,4.39,,,,,,,5.37,,,4.77,,,,,7.37,,9.54,
