Country,Year,Happiness Score,Log GDP per capita,Social support,Healthy life expectancy at birth,Freedom to make life choices,Generosity,Perceptions of corruption,CPI %,Unemployment Rate,region,Development_Status
Argentina,2010,6.441,10.066,0.927,66.3,0.73,-0.129,0.855,0,7.71,South America,Developed
Argentina,2011,6.776,10.112,0.889,66.42,0.816,-0.178,0.755,0,7.18,South America,Developed
Argentina,2012,6.468,10.091,0.902,66.54,0.747,-0.151,0.817,0,7.22,South America,Developed
Argentina,2013,6.582,10.103,0.91,66.66,0.737,-0.134,0.823,0,7.1,South America,Developed
Argentina,2014,6.671,10.067,0.918,66.78,0.745,-0.168,0.854,0,7.27,South America,Developed
Argentina,2015,6.697,10.083,0.926,66.9,0.881,-0.178,0.851,0,0,South America,Developed
Argentina,2016,6.427,10.051,0.883,66.95,0.848,-0.195,0.851,0,0,South America,Developed
Argentina,2017,6.039,10.069,0.907,67,0.832,-0.19,0.841,0,8.35,South America,Developed
Argentina,2018,5.793,10.032,0.9,67.05,0.846,-0.214,0.855,34.28,9.22,South America,Developed
Argentina,2019,6.086,10.002,0.896,67.1,0.817,-0.214,0.83,53.55,9.84,South America,Developed
Argentina,2020,5.901,9.888,0.897,67.15,0.823,-0.129,0.816,42.02,11.46,South America,Developed
Argentina,2021,5.908,9.977,0.882,67.2,0.819,-0.012,0.816,48.41,8.74,South America,Developed
Argentina,2022,6.261,10.011,0.893,67.25,0.825,-0.128,0.81,72.43,0,South America,Developed
Australia,2010,7.45,10.714,0.955,70.2,0.932,0.313,0.366,2.92,5.21,Australian and Oceania,Developed
Australia,2011,7.406,10.723,0.967,70.28,0.945,0.366,0.382,3.3,5.08,Australian and Oceania,Developed
Australia,2012,7.196,10.744,0.945,70.36,0.935,0.27,0.368,1.76,5.23,Australian and Oceania,Developed
Australia,2013,7.364,10.752,0.928,70.44,0.933,0.265,0.432,2.45,5.66,Australian and Oceania,Developed
Australia,2014,7.289,10.763,0.924,70.52,0.923,0.315,0.442,2.49,6.08,Australian and Oceania,Developed
Australia,2015,7.309,10.77,0.952,70.6,0.922,0.328,0.357,1.51,6.06,Australian and Oceania,Developed
Australia,2016,7.25,10.781,0.942,70.675,0.922,0.235,0.399,1.28,5.71,Australian and Oceania,Developed
Australia,2017,7.257,10.787,0.95,70.75,0.911,0.314,0.411,1.95,5.59,Australian and Oceania,Developed
Australia,2018,7.177,10.801,0.94,70.825,0.916,0.143,0.405,1.91,5.3,Australian and Oceania,Developed
Australia,2019,7.234,10.807,0.943,70.9,0.918,0.117,0.43,1.61,5.16,Australian and Oceania,Developed
Australia,2020,7.137,10.794,0.937,70.975,0.905,0.203,0.491,0.85,6.46,Australian and Oceania,Developed
Australia,2021,7.112,10.815,0.92,71.05,0.912,0.236,0.454,2.86,5.12,Australian and Oceania,Developed
Australia,2022,7.035,10.854,0.942,71.125,0.854,0.153,0.545,6.59,3.7,Australian and Oceania,Developed
Austria,2010,7.303,10.856,0.914,69.9,0.896,0.127,0.546,1.81,4.88,Western Europe,Developed
Austria,2011,7.471,10.881,0.944,70,0.939,0.128,0.703,3.29,4.64,Western Europe,Developed
Austria,2012,7.401,10.884,0.945,70.1,0.92,0.114,0.771,2.49,4.91,Western Europe,Developed
Austria,2013,7.499,10.878,0.95,70.2,0.922,0.164,0.679,2,5.37,Western Europe,Developed
Austria,2014,6.95,10.877,0.899,70.3,0.885,0.114,0.567,1.61,5.67,Western Europe,Developed
Austria,2015,7.076,10.876,0.928,70.4,0.9,0.095,0.557,0.9,5.8,Western Europe,Developed
Austria,2016,7.048,10.885,0.926,70.525,0.889,0.076,0.524,0.89,6.06,Western Europe,Developed
Austria,2017,7.294,10.9,0.906,70.65,0.89,0.129,0.518,2.08,5.56,Western Europe,Developed
Austria,2018,7.396,10.919,0.912,70.775,0.904,0.05,0.523,2,4.93,Western Europe,Developed
Austria,2019,7.195,10.93,0.964,70.9,0.903,0.056,0.457,1.53,4.56,Western Europe,Developed
Austria,2020,7.213,10.859,0.925,71.025,0.912,0.006,0.464,1.38,5.2,Western Europe,Developed
Austria,2021,7.08,10.899,0.863,71.15,0.795,0.159,0.501,2.77,6.46,Western Europe,Developed
Austria,2022,6.999,10.939,0.876,71.275,0.856,0.139,0.524,8.55,4.99,Western Europe,Developed
Belgium,2010,6.854,10.778,0.931,69.2,0.807,0.018,0.697,2.19,8.29,Western Europe,Developed
Belgium,2011,7.111,10.782,0.937,69.36,0.88,-0.018,0.711,3.53,7.14,Western Europe,Developed
Belgium,2012,6.935,10.783,0.927,69.52,0.855,-0.054,0.758,2.84,7.54,Western Europe,Developed
Belgium,2013,7.104,10.783,0.909,69.68,0.891,0.012,0.574,1.11,8.43,Western Europe,Developed
Belgium,2014,6.855,10.794,0.944,69.84,0.861,-0.003,0.512,0.34,8.52,Western Europe,Developed
Belgium,2015,6.904,10.809,0.885,70,0.869,0.058,0.469,0.56,8.48,Western Europe,Developed
Belgium,2016,6.949,10.816,0.929,70.15,0.866,-0.06,0.497,1.97,7.83,Western Europe,Developed
Belgium,2017,6.928,10.829,0.922,70.3,0.857,0.05,0.543,2.13,7.09,Western Europe,Developed
Belgium,2018,6.892,10.842,0.93,70.45,0.808,-0.129,0.63,2.05,5.95,Western Europe,Developed
Belgium,2019,6.772,10.859,0.884,70.6,0.776,-0.176,0.672,1.44,5.36,Western Europe,Developed
Belgium,2020,6.839,10.799,0.904,70.75,0.767,-0.17,0.634,0.74,5.55,Western Europe,Developed
Belgium,2021,6.882,10.854,0.915,70.9,0.823,0.079,0.523,2.44,6.26,Western Europe,Developed
Belgium,2022,6.857,10.878,0.923,71.05,0.89,0.097,0.483,9.6,5.56,Western Europe,Developed
Canada,2010,7.65,10.711,0.954,70.8,0.934,0.227,0.413,1.78,8.18,North America,Developed
Canada,2011,7.426,10.733,0.922,70.86,0.951,0.249,0.433,2.91,7.64,North America,Developed
Canada,2012,7.415,10.739,0.948,70.92,0.918,0.286,0.466,1.52,7.39,North America,Developed
Canada,2013,7.594,10.752,0.936,70.98,0.916,0.312,0.406,0.94,7.14,North America,Developed
Canada,2014,7.304,10.77,0.918,71.04,0.939,0.266,0.442,1.91,7.02,North America,Developed
Canada,2015,7.413,10.769,0.939,71.1,0.931,0.249,0.427,1.13,6.95,North America,Developed
Canada,2016,7.245,10.768,0.924,71.15,0.912,0.207,0.385,1.43,7.04,North America,Developed
Canada,2017,7.415,10.786,0.934,71.2,0.945,0.159,0.362,1.6,6.43,North America,Developed
Canada,2018,7.175,10.799,0.923,71.25,0.946,0.102,0.372,2.27,5.84,North America,Developed
Canada,2019,7.109,10.803,0.925,71.3,0.912,0.107,0.436,1.95,5.69,North America,Developed
Canada,2020,7.025,10.738,0.931,71.35,0.887,0.045,0.434,0.72,9.66,North America,Developed
Canada,2021,6.939,10.777,0.926,71.4,0.898,0.191,0.384,3.4,7.53,North America,Developed
Canada,2022,6.918,10.803,0.929,71.45,0.838,0.222,0.442,6.8,5.28,North America,Developed
Cyprus,2010,6.387,10.556,0.822,70.8,0.755,0.068,0.833,2.43,6.36,Middle East,Developed
Cyprus,2011,6.69,10.535,0.844,70.96,0.745,0.175,0.841,3.29,7.94,Middle East,Developed
Cyprus,2012,6.181,10.484,0.767,71.12,0.725,0.094,0.871,2.39,12.1,Middle East,Developed
Cyprus,2013,5.439,10.418,0.744,71.28,0.656,0.098,0.867,-0.4,16.13,Middle East,Developed
Cyprus,2014,5.627,10.412,0.77,71.44,0.715,0.055,0.868,-1.35,16.28,Middle East,Developed
Cyprus,2015,5.439,10.451,0.77,71.6,0.628,0.109,0.893,-2.1,15.03,Middle East,Developed
Cyprus,2016,5.795,10.51,0.786,71.8,0.756,-0.035,0.898,-1.43,13.01,Middle East,Developed
Cyprus,2017,6.062,10.556,0.819,72,0.812,0.038,0.851,0.53,11.16,Middle East,Developed
Cyprus,2018,6.276,10.599,0.826,72.2,0.794,-0.029,0.848,1.44,8.5,Middle East,Developed
Cyprus,2019,6.137,10.639,0.776,72.4,0.74,-0.016,0.865,0.25,7.15,Middle East,Developed
Cyprus,2020,6.26,10.583,0.806,72.6,0.763,-0.084,0.816,-0.64,7.76,Middle East,Developed
Cyprus,2021,6.269,10.638,0.855,72.8,0.718,-0.036,0.876,2.45,7.51,Middle East,Developed
Cyprus,2022,5.865,0,0.82,73,0.698,0,0.887,8.4,6.78,Middle East,Developed
Czechia,2010,6.25,10.419,0.934,67.7,0.779,-0.046,0.926,1.47,7.28,Eastern Europe,Developed
Czechia,2011,6.331,10.434,0.914,67.82,0.787,-0.11,0.95,1.92,6.71,Eastern Europe,Developed
Czechia,2012,6.334,10.425,0.912,67.94,0.74,-0.158,0.957,3.29,6.98,Eastern Europe,Developed
Czechia,2013,6.698,10.424,0.888,68.06,0.726,-0.16,0.916,1.44,6.95,Eastern Europe,Developed
Czechia,2014,6.484,10.445,0.878,68.18,0.8,-0.172,0.897,0.34,6.11,Eastern Europe,Developed
Czechia,2015,6.608,10.496,0.911,68.3,0.808,-0.15,0.886,0.31,5.05,Eastern Europe,Developed
Czechia,2016,6.736,10.519,0.931,68.425,0.85,-0.202,0.9,0.68,3.95,Eastern Europe,Developed
Czechia,2017,6.79,10.567,0.901,68.55,0.832,-0.181,0.867,2.45,2.89,Eastern Europe,Developed
Czechia,2018,7.034,10.595,0.929,68.675,0.79,-0.297,0.851,2.15,2.25,Eastern Europe,Developed
Czechia,2020,6.897,10.562,0.964,68.925,0.906,-0.133,0.884,3.16,2.55,Eastern Europe,Developed
Czechia,2021,6.942,10.615,0.95,69.05,0.891,0.159,0.863,3.84,2.8,Eastern Europe,Developed
Czechia,2022,6.695,10.656,0.944,69.175,0.908,0.094,0.831,15.1,2.22,Eastern Europe,Developed
Denmark,2010,7.771,10.836,0.975,69.4,0.944,0.238,0.175,2.31,7.75,Western Europe,Developed
Denmark,2011,7.788,10.845,0.962,69.62,0.935,0.293,0.22,2.76,7.77,Western Europe,Developed
Denmark,2012,7.52,10.844,0.951,69.84,0.933,0.135,0.187,2.4,7.8,Western Europe,Developed
Denmark,2013,7.589,10.849,0.965,70.06,0.92,0.211,0.17,0.79,7.38,Western Europe,Developed
Denmark,2014,7.508,10.86,0.956,70.28,0.942,0.114,0.237,0.56,6.93,Western Europe,Developed
Denmark,2015,7.514,10.876,0.96,70.5,0.941,0.218,0.191,0.45,6.28,Western Europe,Developed
Denmark,2016,7.558,10.9,0.954,70.625,0.948,0.134,0.21,0.25,5.99,Western Europe,Developed
Denmark,2017,7.594,10.922,0.952,70.75,0.955,0.151,0.181,1.15,5.83,Western Europe,Developed
Denmark,2018,7.649,10.936,0.958,70.875,0.935,0.013,0.151,0.81,5.13,Western Europe,Developed
Denmark,2019,7.693,10.948,0.958,71,0.963,0.016,0.174,0.76,5.02,Western Europe,Developed
Denmark,2020,7.515,10.924,0.947,71.125,0.938,0.047,0.214,0.42,5.64,Western Europe,Developed
Denmark,2021,7.699,10.968,0.945,71.25,0.933,0.131,0.173,1.85,5.04,Western Europe,Developed
Denmark,2022,7.545,10.994,0.97,71.375,0.93,0.224,0.203,7.7,4.43,Western Europe,Developed
Finland,2010,7.393,10.734,0.935,69.6,0.916,0.087,0.413,1.18,8.39,Western Europe,Developed
Finland,2011,7.354,10.754,0.938,69.82,0.936,0.097,0.32,3.42,7.78,Western Europe,Developed
Finland,2012,7.42,10.735,0.928,70.04,0.921,-0.005,0.361,2.81,7.69,Western Europe,Developed
Finland,2013,7.445,10.722,0.941,70.26,0.919,0.035,0.306,1.48,8.19,Western Europe,Developed
Finland,2014,7.385,10.714,0.952,70.48,0.933,-0.005,0.265,1.04,8.66,Western Europe,Developed
Finland,2015,7.448,10.716,0.948,70.7,0.93,0.107,0.223,-0.21,9.38,Western Europe,Developed
Finland,2016,7.66,10.741,0.954,70.775,0.948,-0.031,0.25,0.36,8.82,Western Europe,Developed
Finland,2017,7.788,10.77,0.964,70.85,0.962,-0.007,0.192,0.75,8.64,Western Europe,Developed
Finland,2018,7.858,10.78,0.962,70.925,0.938,-0.131,0.199,1.08,7.36,Western Europe,Developed
Finland,2019,7.78,10.791,0.937,71,0.948,-0.056,0.195,1.02,6.69,Western Europe,Developed
Finland,2020,7.889,10.767,0.962,71.075,0.962,-0.121,0.164,0.29,7.76,Western Europe,Developed
Finland,2021,7.794,10.795,0.97,71.15,0.963,-0.037,0.192,2.19,7.61,Western Europe,Developed
Finland,2022,7.729,10.814,0.974,71.225,0.959,0.102,0.19,7.12,6.72,Western Europe,Developed
France,2010,6.798,10.649,0.943,71.2,0.85,-0.107,0.623,1.53,9.28,Western Europe,Developed
France,2011,6.959,10.666,0.921,71.3,0.903,-0.106,0.627,2.11,9.23,Western Europe,Developed
France,2012,6.649,10.664,0.937,71.4,0.841,-0.153,0.608,1.95,9.84,Western Europe,Developed
France,2013,6.667,10.665,0.908,71.5,0.878,-0.128,0.699,0.86,9.91,Western Europe,Developed
France,2014,6.467,10.669,0.878,71.6,0.803,-0.122,0.656,0.51,10.27,Western Europe,Developed
France,2015,6.358,10.677,0.896,71.7,0.817,-0.143,0.641,0.04,10.35,Western Europe,Developed
France,2016,6.475,10.685,0.885,71.8,0.787,-0.095,0.623,0.18,10.06,Western Europe,Developed
France,2017,6.635,10.705,0.931,71.9,0.834,-0.127,0.601,1.03,9.41,Western Europe,Developed
France,2018,6.666,10.72,0.921,72,0.816,-0.142,0.582,1.85,9.02,Western Europe,Developed
France,2019,6.69,10.735,0.958,72.1,0.827,-0.137,0.568,1.11,8.41,Western Europe,Developed
France,2020,6.714,10.651,0.947,72.2,0.823,-0.174,0.565,0.48,8.01,Western Europe,Developed
France,2021,6.656,10.714,0.915,72.3,0.837,-0.102,0.561,1.64,7.87,Western Europe,Developed
France,2022,6.614,10.737,0.866,72.4,0.798,-0.025,0.533,5.22,7.31,Western Europe,Developed
Georgia,2010,4.102,9.184,0.54,63.7,0.558,-0.251,0.46,7.11,20.2,Eastern Europe,Developed
Georgia,2011,4.203,9.263,0.503,63.8,0.632,-0.258,0.353,8.54,19.63,Eastern Europe,Developed
Georgia,2012,4.254,9.332,0.533,63.9,0.659,-0.272,0.321,-0.94,19.65,Eastern Europe,Developed
Georgia,2013,4.349,9.371,0.559,64,0.722,-0.257,0.349,-0.51,19.42,Eastern Europe,Developed
Georgia,2014,4.288,9.414,0.558,64.1,0.72,-0.236,0.416,3.07,17.44,Eastern Europe,Developed
Georgia,2015,4.122,9.442,0.517,64.2,0.64,-0.208,0.502,4,16.51,Eastern Europe,Developed
Georgia,2016,4.448,9.47,0.533,64.325,0.606,-0.252,0.561,2.13,16.6,Eastern Europe,Developed
Georgia,2017,4.451,9.517,0.59,64.45,0.821,-0.247,0.59,6.04,13.94,Eastern Europe,Developed
Georgia,2018,4.659,9.565,0.617,64.575,0.775,-0.236,0.755,2.62,12.67,Eastern Europe,Developed
Georgia,2019,4.892,9.615,0.675,64.7,0.811,-0.263,0.647,4.85,11.57,Eastern Europe,Developed
Georgia,2020,5.123,9.544,0.718,64.825,0.764,-0.223,0.583,5.2,11.73,Eastern Europe,Developed
Georgia,2021,4.911,9.648,0.671,64.95,0.777,-0.287,0.723,9.57,0,Eastern Europe,Developed
Georgia,2022,5.293,9.746,0.754,65.075,0.821,-0.253,0.655,11.9,0,Eastern Europe,Developed
Germany,2010,6.725,10.758,0.939,70,0.843,0.091,0.688,1.1,6.97,Western Europe,Developed
Germany,2011,6.621,10.815,0.947,70.02,0.906,0.029,0.677,2.08,5.82,Western Europe,Developed
Germany,2012,6.702,10.817,0.926,70.04,0.904,0.067,0.679,2.01,5.38,Western Europe,Developed
Germany,2013,6.965,10.819,0.931,70.06,0.894,0.02,0.566,1.5,5.23,Western Europe,Developed
Germany,2014,6.984,10.837,0.938,70.08,0.899,0.083,0.474,0.91,4.98,Western Europe,Developed
Germany,2015,7.037,10.843,0.926,70.1,0.889,0.173,0.412,0.51,4.62,Western Europe,Developed
Germany,2016,6.874,10.857,0.906,70.3,0.871,0.144,0.446,0.49,4.12,Western Europe,Developed
Germany,2017,7.074,10.879,0.892,70.5,0.841,0.141,0.414,1.51,3.75,Western Europe,Developed
Germany,2018,7.118,10.886,0.92,70.7,0.877,0.03,0.496,1.73,3.38,Western Europe,Developed
Germany,2019,7.035,10.894,0.886,70.9,0.885,0.053,0.462,1.45,3.14,Western Europe,Developed
Germany,2020,7.312,10.856,0.905,71.1,0.864,-0.066,0.424,0.14,3.86,Western Europe,Developed
Germany,2021,6.755,10.881,0.868,71.3,0.778,0.075,0.418,3.07,3.64,Western Europe,Developed
Germany,2022,6.608,10.899,0.916,71.5,0.895,0.081,0.417,6.87,3.14,Western Europe,Developed
Greece,2010,5.84,10.425,0.868,70,0.484,-0.306,0.954,4.71,12.72,Eastern Europe,Developed
Greece,2011,5.372,10.32,0.852,70.08,0.528,-0.319,0.941,3.33,17.97,Eastern Europe,Developed
Greece,2012,5.096,10.251,0.812,70.16,0.373,-0.308,0.959,1.5,24.73,Eastern Europe,Developed
Greece,2013,4.72,10.233,0.687,70.24,0.426,-0.275,0.941,-0.92,27.69,Eastern Europe,Developed
Greece,2014,4.756,10.245,0.832,70.32,0.369,-0.291,0.93,-1.31,26.71,Eastern Europe,Developed
Greece,2015,5.623,10.249,0.835,70.4,0.532,-0.275,0.824,-1.74,24.98,Eastern Europe,Developed
Greece,2016,5.303,10.248,0.803,70.525,0.482,-0.263,0.898,-0.83,23.51,Eastern Europe,Developed
Greece,2017,5.148,10.261,0.753,70.65,0.438,-0.293,0.872,1.12,21.41,Eastern Europe,Developed
Greece,2018,5.409,10.28,0.794,70.775,0.564,-0.338,0.86,0.63,19.18,Eastern Europe,Developed
Greece,2019,5.952,10.3,0.891,70.9,0.614,-0.291,0.848,0.25,17.04,Eastern Europe,Developed
Greece,2020,5.788,10.207,0.779,71.025,0.565,-0.244,0.764,-1.25,15.9,Eastern Europe,Developed
Greece,2021,6.104,10.294,0.85,71.15,0.574,-0.159,0.752,1.22,14.66,Eastern Europe,Developed
Greece,2022,5.9,10.364,0.875,71.275,0.563,-0.316,0.874,9.65,12.43,Eastern Europe,Developed
Hong Kong S.A.R. of China,2010,5.643,10.847,0.857,0,0.89,0.328,0.256,0,0,Asia,Developed
Hong Kong S.A.R. of China,2011,5.474,10.887,0.846,0,0.894,0.23,0.245,0,0,Asia,Developed
Hong Kong S.A.R. of China,2012,5.484,10.893,0.826,0,0.88,0.218,0.38,0,0,Asia,Developed
Hong Kong S.A.R. of China,2014,5.458,10.939,0.834,0,0.843,0.219,0.423,0,0,Asia,Developed
Hong Kong S.A.R. of China,2016,5.498,10.97,0.832,0,0.8,0.096,0.403,0,0,Asia,Developed
Hong Kong S.A.R. of China,2017,5.362,10.999,0.831,0,0.831,0.136,0.416,0,0,Asia,Developed
Hong Kong S.A.R. of China,2019,5.659,10.995,0.856,0,0.727,0.063,0.432,0,0,Asia,Developed
Hong Kong S.A.R. of China,2020,5.295,10.931,0.813,0,0.705,-0.074,0.38,0,0,Asia,Developed
Hong Kong S.A.R. of China,2021,5.322,11.002,0.821,0,0.669,0.022,0.39,0,0,Asia,Developed
Hungary,2010,4.725,10.106,0.896,65.8,0.514,-0.149,0.983,4.86,11.17,Eastern Europe,Developed
Hungary,2011,4.918,10.127,0.894,65.96,0.631,-0.093,0.94,3.93,11.03,Eastern Europe,Developed
Hungary,2012,4.683,10.119,0.906,66.12,0.569,-0.14,0.93,5.65,11,Eastern Europe,Developed
Hungary,2013,4.914,10.14,0.877,66.28,0.674,-0.117,0.912,1.73,10.18,Eastern Europe,Developed
Hungary,2014,5.181,10.184,0.845,66.44,0.494,-0.154,0.855,-0.23,7.73,Eastern Europe,Developed
Hungary,2015,5.344,10.223,0.859,66.6,0.558,-0.202,0.908,-0.06,6.81,Eastern Europe,Developed
Hungary,2016,5.449,10.248,0.9,66.75,0.554,-0.191,0.924,0.39,5.11,Eastern Europe,Developed
Hungary,2017,6.065,10.292,0.877,66.9,0.661,-0.143,0.886,2.35,4.16,Eastern Europe,Developed
Hungary,2018,5.936,10.346,0.941,67.05,0.693,-0.247,0.911,2.85,3.71,Eastern Europe,Developed
Hungary,2019,6,10.394,0.947,67.2,0.798,-0.199,0.884,3.34,3.42,Eastern Europe,Developed
Hungary,2020,6.038,10.349,0.943,67.35,0.771,-0.125,0.836,3.33,4.25,Eastern Europe,Developed
Hungary,2021,6.227,10.422,0.948,67.5,0.727,-0.044,0.832,5.11,4.05,Eastern Europe,Developed
Hungary,2022,5.861,10.484,0.937,67.65,0.776,-0.008,0.848,14.61,3.61,Eastern Europe,Developed
Iceland,2012,7.591,10.788,0.979,71.6,0.905,0.236,0.759,5.19,6,Western Europe,Developed
Iceland,2013,7.501,10.823,0.967,71.7,0.923,0.301,0.713,3.87,5.38,Western Europe,Developed
Iceland,2015,7.498,10.862,0.98,71.9,0.94,0.296,0.639,1.63,3.98,Western Europe,Developed
Iceland,2016,7.51,10.909,0.985,71.925,0.952,0.276,0.719,1.7,2.98,Western Europe,Developed
Iceland,2017,7.476,10.927,0.967,71.95,0.939,0.241,0.727,1.76,2.74,Western Europe,Developed
Iceland,2019,7.533,10.949,0.982,72,0.959,0,0.699,3.01,3.51,Western Europe,Developed
Iceland,2020,7.575,10.862,0.983,72.025,0.949,0.153,0.644,2.85,5.48,Western Europe,Developed
Iceland,2021,7.565,10.889,0.98,72.05,0.923,0.258,0.664,4.44,6.03,Western Europe,Developed
Iceland,2022,7.449,10.935,0.985,72.075,0.936,0.222,0.692,8.31,3.79,Western Europe,Developed
Ireland,2010,7.257,10.887,0.973,70.1,0.856,0.343,0.618,-0.92,14.53,Western Europe,Developed
Ireland,2011,7.007,10.891,0.977,70.22,0.952,0.378,0.59,2.56,15.35,Western Europe,Developed
Ireland,2012,6.965,10.887,0.962,70.34,0.902,0.297,0.573,1.7,15.45,Western Europe,Developed
Ireland,2013,6.76,10.893,0.955,70.46,0.884,0.326,0.558,0.51,13.73,Western Europe,Developed
Ireland,2014,7.018,10.969,0.968,70.58,0.922,0.258,0.406,0.18,11.86,Western Europe,Developed
Ireland,2015,6.83,11.177,0.953,70.7,0.892,0.228,0.409,-0.29,9.91,Western Europe,Developed
Ireland,2016,7.041,11.186,0.958,70.8,0.875,0.171,0.399,0.01,8.37,Western Europe,Developed
Ireland,2017,7.06,11.261,0.943,70.9,0.905,0.212,0.337,0.34,6.71,Western Europe,Developed
Ireland,2018,6.962,11.331,0.938,71,0.861,0.14,0.362,0.49,5.74,Western Europe,Developed
Ireland,2019,7.255,11.37,0.944,71.1,0.892,0.069,0.373,0.94,4.95,Western Europe,Developed
Ireland,2020,7.035,11.42,0.96,71.2,0.882,0.002,0.356,-0.33,5.62,Western Europe,Developed
Ireland,2021,6.828,11.538,0.85,71.3,0.846,0.133,0.36,2.36,6.19,Western Europe,Developed
Ireland,2022,6.87,11.625,0.906,71.4,0.895,0.14,0.358,7.81,4.48,Western Europe,Developed
Israel,2010,7.359,10.436,0.882,71.4,0.561,0.148,0.902,2.69,8.48,Middle East,Developed
Israel,2011,7.433,10.472,0.893,71.48,0.722,0.138,0.891,3.48,7.14,Middle East,Developed
Israel,2012,7.111,10.479,0.903,71.56,0.681,0.15,0.862,1.68,6.76,Middle East,Developed
Israel,2013,7.321,10.503,0.909,71.64,0.739,0.147,0.849,1.57,6.14,Middle East,Developed
Israel,2014,7.401,10.523,0.889,71.72,0.707,0.09,0.818,0.48,5.79,Middle East,Developed
Israel,2015,7.079,10.527,0.864,71.8,0.753,0.105,0.789,-0.6,5.18,Middle East,Developed
Israel,2016,7.159,10.552,0.89,71.95,0.772,0.149,0.804,-0.55,4.72,Middle East,Developed
Israel,2017,7.331,10.574,0.916,72.1,0.768,0.141,0.793,0.26,4.14,Middle East,Developed
Israel,2018,6.927,10.595,0.91,72.25,0.725,0.05,0.77,0.79,3.92,Middle East,Developed
Israel,2019,7.332,10.617,0.946,72.4,0.834,0.08,0.743,0.85,3.73,Middle East,Developed
Israel,2020,7.195,10.58,0.959,72.55,0.831,-0.057,0.748,-0.61,4.17,Middle East,Developed
Israel,2021,7.578,10.647,0.917,72.7,0.82,-0.006,0.726,1.51,4.81,Middle East,Developed
Israel,2022,7.662,10.692,0.954,72.85,0.775,-0.005,0.655,4.39,0,Middle East,Developed
Italy,2010,6.354,10.661,0.872,71.1,0.738,-0.063,0.921,1.53,8.36,Western Europe,Developed
Italy,2011,6.057,10.666,0.913,71.2,0.568,-0.022,0.933,2.78,8.36,Western Europe,Developed
Italy,2012,5.839,10.633,0.869,71.3,0.57,0.109,0.908,3.04,10.65,Western Europe,Developed
Italy,2013,6.009,10.603,0.916,71.4,0.499,-0.106,0.943,1.22,12.15,Western Europe,Developed
Italy,2014,6.027,10.594,0.898,71.5,0.624,-0.069,0.92,0.24,12.68,Western Europe,Developed
Italy,2015,5.848,10.603,0.909,71.6,0.575,-0.068,0.913,0.04,11.9,Western Europe,Developed
Italy,2016,5.955,10.617,0.927,71.675,0.624,-0.084,0.903,-0.09,11.69,Western Europe,Developed
Italy,2017,6.199,10.635,0.92,71.75,0.633,-0.039,0.867,1.23,11.21,Western Europe,Developed
Italy,2018,6.517,10.647,0.913,71.825,0.65,-0.025,0.888,1.14,10.61,Western Europe,Developed
Italy,2019,6.445,10.663,0.838,71.9,0.709,-0.086,0.866,0.61,9.95,Western Europe,Developed
Italy,2020,6.488,10.573,0.89,71.975,0.718,-0.155,0.844,-0.14,9.16,Western Europe,Developed
Italy,2021,6.467,10.644,0.886,72.05,0.703,-0.094,0.862,1.87,9.5,Western Europe,Developed
Italy,2022,6.258,10.685,0.869,72.125,0.711,0.028,0.819,8.2,8.07,Western Europe,Developed
Japan,2010,6.057,10.547,0.902,73,0.772,-0.145,0.77,-0.73,5.1,Asia,Developed
Japan,2011,6.263,10.549,0.917,73.12,0.814,-0.057,0.734,-0.27,4.55,Asia,Developed
Japan,2012,5.968,10.565,0.905,73.24,0.753,0,0.692,-0.04,4.36,Asia,Developed
Japan,2013,5.959,10.586,0.924,73.36,0.821,-0.152,0.65,0.34,4.04,Asia,Developed
Japan,2014,5.923,10.59,0.9,73.48,0.838,-0.144,0.617,2.76,3.59,Asia,Developed
Japan,2015,5.88,10.607,0.923,73.6,0.832,-0.161,0.654,0.8,3.39,Asia,Developed
Japan,2016,5.955,10.615,0.9,73.725,0.836,-0.068,0.698,-0.13,3.13,Asia,Developed
Japan,2017,5.911,10.632,0.882,73.85,0.849,-0.211,0.659,0.48,2.82,Asia,Developed
Japan,2018,5.794,10.639,0.886,73.975,0.773,-0.267,0.687,0.99,2.47,Asia,Developed
Japan,2019,5.908,10.638,0.878,74.1,0.806,-0.259,0.617,0.47,2.35,Asia,Developed
Japan,2020,6.118,10.595,0.887,74.225,0.806,-0.264,0.609,-0.02,2.81,Asia,Developed
Japan,2021,6.091,10.616,0.896,74.35,0.801,-0.211,0.67,-0.23,2.83,Asia,Developed
Japan,2022,6.178,10.636,0.899,74.475,0.789,-0.235,0.643,2.5,2.6,Asia,Developed
Kazakhstan,2010,5.514,9.94,0.904,60.4,0.785,-0.219,0.823,7.4,5.77,Asia,Developed
Kazakhstan,2011,5.736,9.997,0.905,61,0.878,-0.239,0.802,8.42,5.39,Asia,Developed
Kazakhstan,2012,5.759,10.03,0.892,61.6,0.84,-0.175,0.877,5.1,5.29,Asia,Developed
Kazakhstan,2013,5.835,10.074,0.889,62.2,0.782,-0.233,0.82,5.85,5.2,Asia,Developed
Kazakhstan,2014,5.97,10.101,0.795,62.8,0.799,0,0.805,6.71,5.06,Asia,Developed
Kazakhstan,2015,5.95,10.098,0.931,63.4,0.74,-0.041,0.714,6.67,4.93,Asia,Developed
Kazakhstan,2016,5.534,10.095,0.928,63.8,0.783,-0.04,0.702,14.55,4.96,Asia,Developed
Kazakhstan,2017,5.882,10.121,0.914,64.2,0.745,-0.039,0.755,7.44,4.9,Asia,Developed
Kazakhstan,2018,6.008,10.148,0.937,64.6,0.84,-0.102,0.824,6.02,4.85,Asia,Developed
Kazakhstan,2019,6.272,10.179,0.951,65,0.852,-0.059,0.708,5.25,4.8,Asia,Developed
Kazakhstan,2020,6.168,10.141,0.966,65.4,0.872,-0.06,0.661,6.77,4.89,Asia,Developed
Kazakhstan,2021,6.26,10.17,0.906,65.8,0.807,0.036,0.782,8.04,0,Asia,Developed
Kazakhstan,2022,6.006,10.187,0.923,66.2,0.883,0.022,0.72,0,4.86,Asia,Developed
Lithuania,2010,5.066,10.083,0.882,64.3,0.519,-0.278,0.962,1.32,17.81,Eastern Europe,Developed
Lithuania,2011,5.432,10.165,0.911,64.5,0.566,-0.152,0.964,4.13,15.39,Eastern Europe,Developed
Lithuania,2012,5.771,10.216,0.919,64.7,0.503,-0.277,0.957,3.09,13.36,Eastern Europe,Developed
Lithuania,2013,5.596,10.261,0.913,64.9,0.556,-0.24,0.936,1.05,11.77,Eastern Europe,Developed
Lithuania,2014,6.126,10.304,0.908,65.1,0.508,-0.267,0.956,0.1,10.7,Eastern Europe,Developed
Lithuania,2015,5.711,10.334,0.929,65.3,0.641,-0.257,0.924,-0.88,9.12,Eastern Europe,Developed
Lithuania,2016,5.866,10.371,0.938,65.65,0.614,-0.27,0.949,0.91,7.86,Eastern Europe,Developed
Lithuania,2017,6.273,10.427,0.926,66,0.749,-0.177,0.79,3.72,7.07,Eastern Europe,Developed
Lithuania,2018,6.309,10.476,0.929,66.35,0.699,-0.241,0.852,2.7,6.15,Eastern Europe,Developed
Lithuania,2019,6.064,10.524,0.918,66.7,0.78,-0.256,0.783,2.33,6.26,Eastern Europe,Developed
Lithuania,2020,6.391,10.523,0.953,67.05,0.824,-0.127,0.829,1.2,8.49,Eastern Europe,Developed
Lithuania,2021,6.865,10.579,0.928,67.4,0.707,-0.119,0.878,4.68,7.11,Eastern Europe,Developed
Lithuania,2022,7.038,10.602,0.937,67.75,0.71,-0.191,0.685,19.71,5.96,Eastern Europe,Developed
Luxembourg,2010,7.097,11.647,0.952,70.5,0.908,0.087,0.423,2.27,4.36,Western Europe,Developed
Luxembourg,2011,7.101,11.635,0.934,70.7,0.962,0.098,0.388,3.41,4.9,Western Europe,Developed
Luxembourg,2012,6.964,11.627,0.914,70.9,0.917,0.049,0.403,2.66,5.14,Western Europe,Developed
Luxembourg,2013,7.131,11.636,0.917,71.1,0.79,-0.063,0.301,1.73,5.85,Western Europe,Developed
Luxembourg,2014,6.891,11.638,0.875,71.3,0.938,0.098,0.366,0.63,5.85,Western Europe,Developed
Luxembourg,2015,6.702,11.637,0.934,71.5,0.932,0.046,0.375,0.47,6.67,Western Europe,Developed
Luxembourg,2016,6.967,11.664,0.941,71.525,0.882,0.012,0.356,0.29,6.29,Western Europe,Developed
Luxembourg,2017,7.061,11.653,0.905,71.55,0.903,0.038,0.33,1.73,5.52,Western Europe,Developed
Luxembourg,2018,7.243,11.645,0.902,71.575,0.884,-0.027,0.385,1.53,5.59,Western Europe,Developed
Luxembourg,2019,7.404,11.649,0.912,71.6,0.93,-0.05,0.39,1.74,5.59,Western Europe,Developed
Luxembourg,2022,7.228,11.66,0.878,71.675,0.915,0.024,0.345,6.34,4.58,Western Europe,Developed
Malta,2010,5.774,10.402,0.908,70.4,0.802,0.28,0,1.52,6.85,Eastern Europe,Developed
Malta,2011,6.155,10.402,0.923,70.58,0.882,0.29,0,2.96,6.38,Eastern Europe,Developed
Malta,2012,5.963,10.434,0.922,70.76,0.861,0.345,0,2.38,6.2,Eastern Europe,Developed
Malta,2013,6.38,10.473,0.942,70.94,0.909,0.402,0,1.18,6.11,Eastern Europe,Developed
Malta,2014,6.452,10.526,0.941,71.12,0.904,0.397,0.67,0.31,5.72,Eastern Europe,Developed
Malta,2015,6.613,10.594,0.919,71.3,0.912,0.341,0.664,1.1,5.38,Eastern Europe,Developed
Malta,2016,6.591,10.605,0.93,71.35,0.916,0.341,0.696,0.64,4.69,Eastern Europe,Developed
Malta,2017,6.676,10.681,0.937,71.4,0.924,0.245,0.69,1.36,4,Eastern Europe,Developed
Malta,2018,6.91,10.706,0.932,71.45,0.927,0.172,0.595,1.16,3.66,Eastern Europe,Developed
Malta,2019,6.733,10.724,0.922,71.5,0.924,0.08,0.689,1.64,3.62,Eastern Europe,Developed
Malta,2020,6.157,10.615,0.938,71.55,0.931,-0.003,0.675,0.64,4.35,Eastern Europe,Developed
Malta,2021,6.444,10.707,0.897,71.6,0.889,0.242,0.753,1.5,3.39,Eastern Europe,Developed
Malta,2022,6.299,0,0.932,71.65,0.838,0,0.758,6.15,2.92,Eastern Europe,Developed
Netherlands,2010,7.502,10.86,0.957,70.9,0.921,0.345,0.399,1.28,4.99,Western Europe,Developed
Netherlands,2011,7.564,10.87,0.938,70.94,0.925,0.332,0.359,2.34,4.98,Western Europe,Developed
Netherlands,2012,7.471,10.856,0.939,70.98,0.877,0.284,0.434,2.46,5.82,Western Europe,Developed
Netherlands,2013,7.407,10.852,0.925,71.02,0.919,0.301,0.505,2.51,7.24,Western Europe,Developed
Netherlands,2014,7.321,10.863,0.909,71.06,0.91,0.327,0.457,0.98,7.42,Western Europe,Developed
Netherlands,2015,7.324,10.878,0.879,71.1,0.904,0.257,0.412,0.6,6.87,Western Europe,Developed
Netherlands,2016,7.541,10.894,0.926,71.175,0.907,0.235,0.433,0.32,6.01,Western Europe,Developed
Netherlands,2017,7.459,10.917,0.937,71.25,0.92,0.246,0.363,1.38,4.84,Western Europe,Developed
Netherlands,2018,7.463,10.934,0.939,71.325,0.92,0.158,0.371,1.7,3.83,Western Europe,Developed
Netherlands,2019,7.425,10.947,0.941,71.4,0.886,0.209,0.36,2.63,3.38,Western Europe,Developed
Netherlands,2020,7.504,10.902,0.944,71.475,0.935,0.147,0.281,1.27,3.82,Western Europe,Developed
Netherlands,2021,7.314,10.944,0.919,71.55,0.856,0.267,0.397,2.68,4.21,Western Europe,Developed
Netherlands,2022,7.39,10.981,0.929,71.625,0.868,0.224,0.459,10,3.52,Western Europe,Developed
New Zealand,2010,7.224,10.534,0.976,69.8,0.918,0.249,0.321,2.3,6.56,Australian and Oceania,Developed
New Zealand,2011,7.191,10.549,0.954,69.82,0.935,0.279,0.269,4.03,6.49,Australian and Oceania,Developed
New Zealand,2012,7.25,10.566,0.93,69.84,0.902,0.282,0.289,1.06,6.93,Australian and Oceania,Developed
New Zealand,2013,7.28,10.585,0.958,69.86,0.944,0.232,0.312,1.13,5.84,Australian and Oceania,Developed
New Zealand,2014,7.306,10.605,0.942,69.88,0.932,0.343,0.273,1.23,5.43,Australian and Oceania,Developed
New Zealand,2015,7.418,10.622,0.987,69.9,0.942,0.324,0.186,0.29,5.42,Australian and Oceania,Developed
New Zealand,2016,7.226,10.636,0.937,69.975,0.927,0.261,0.278,0.65,5.15,Australian and Oceania,Developed
New Zealand,2017,7.327,10.651,0.955,70.05,0.942,0.289,0.222,1.85,4.74,Australian and Oceania,Developed
New Zealand,2018,7.37,10.666,0.954,70.125,0.949,0.115,0.207,1.6,4.34,Australian and Oceania,Developed
New Zealand,2019,7.205,10.672,0.939,70.2,0.912,0.152,0.234,1.62,4.11,Australian and Oceania,Developed
New Zealand,2020,7.257,10.637,0.952,70.275,0.918,0.118,0.283,1.71,4.6,Australian and Oceania,Developed
New Zealand,2021,7.137,10.667,0.95,70.35,0.91,0.219,0.252,3.94,3.78,Australian and Oceania,Developed
New Zealand,2022,6.975,10.682,0.956,70.425,0.831,0.187,0.281,7.17,3.3,Australian and Oceania,Developed
Norway,2012,7.678,11.035,0.948,70.6,0.947,0.141,0.368,0.7,3.12,Western Europe,Developed
Norway,2014,7.444,11.041,0.941,71,0.956,0.175,0.405,2.04,3.48,Western Europe,Developed
Norway,2015,7.603,11.051,0.947,71.2,0.948,0.251,0.299,2.17,4.3,Western Europe,Developed
Norway,2016,7.596,11.053,0.96,71.25,0.954,0.127,0.41,3.55,4.68,Western Europe,Developed
Norway,2017,7.579,11.067,0.95,71.3,0.953,0.231,0.25,1.88,4.16,Western Europe,Developed
Norway,2018,7.444,11.072,0.966,71.35,0.96,0.088,0.268,2.76,3.8,Western Europe,Developed
Norway,2019,7.442,11.073,0.942,71.4,0.954,0.105,0.271,2.17,3.69,Western Europe,Developed
Norway,2020,7.29,11.06,0.956,71.45,0.965,0.069,0.271,1.29,4.42,Western Europe,Developed
Norway,2021,7.362,11.092,0.948,71.5,0.936,0.168,0.263,3.48,4.37,Western Europe,Developed
Norway,2022,7.295,11.111,0.927,71.55,0.939,0.185,0.314,5.76,3.23,Western Europe,Developed
Poland,2010,5.887,10.073,0.955,67.1,0.795,-0.001,0.905,2.58,9.64,Western Europe,Developed
Poland,2011,5.646,10.122,0.905,67.28,0.868,-0.07,0.908,4.24,9.63,Western Europe,Developed
Poland,2012,5.876,10.137,0.936,67.46,0.811,-0.029,0.888,3.56,10.09,Western Europe,Developed
Poland,2013,5.746,10.146,0.912,67.64,0.776,-0.14,0.916,0.99,10.33,Western Europe,Developed
Poland,2014,5.75,10.184,0.924,67.82,0.875,-0.067,0.898,0.05,8.99,Western Europe,Developed
Poland,2015,6.007,10.228,0.893,68,0.793,-0.096,0.81,-0.87,7.5,Western Europe,Developed
Poland,2016,6.162,10.258,0.917,68.175,0.871,-0.094,0.848,-0.66,6.16,Western Europe,Developed
Poland,2017,6.201,10.308,0.882,68.35,0.831,-0.125,0.639,2.08,4.89,Western Europe,Developed
Poland,2018,6.111,10.365,0.863,68.525,0.87,-0.258,0.72,1.81,3.85,Western Europe,Developed
Poland,2019,6.242,10.409,0.878,68.7,0.883,-0.235,0.696,2.23,3.28,Western Europe,Developed
Poland,2020,6.139,10.39,0.953,68.875,0.767,-0.012,0.787,3.37,3.16,Western Europe,Developed
Poland,2021,5.978,10.461,0.936,69.05,0.732,0.124,0.744,5.06,3.36,Western Europe,Developed
Poland,2022,6.666,10.509,0.886,69.225,0.8,-0.207,0.667,14.43,2.89,Western Europe,Developed
Romania,2010,4.909,9.924,0.689,65.4,0.566,-0.089,0.974,6.09,6.96,Western Europe,Developed
Romania,2011,5.023,9.973,0.753,65.58,0.65,-0.146,0.964,5.79,7.18,Western Europe,Developed
Romania,2012,5.167,9.997,0.74,65.76,0.645,-0.117,0.959,3.33,6.79,Western Europe,Developed
Romania,2013,5.082,10.003,0.778,65.94,0.655,-0.133,0.952,3.98,7.1,Western Europe,Developed
Romania,2014,5.727,10.047,0.753,66.12,0.754,-0.105,0.958,1.07,6.8,Western Europe,Developed
Romania,2015,5.777,10.083,0.787,66.3,0.796,-0.145,0.962,-0.59,6.81,Western Europe,Developed
Romania,2016,5.969,10.117,0.809,66.425,0.822,-0.118,0.949,-1.54,5.9,Western Europe,Developed
Romania,2017,6.09,10.202,0.811,66.55,0.839,-0.163,0.926,1.34,4.93,Western Europe,Developed
Romania,2018,6.151,10.266,0.818,66.675,0.845,-0.222,0.921,4.63,4.19,Western Europe,Developed
Romania,2019,6.13,10.309,0.842,66.8,0.848,-0.226,0.954,3.83,3.91,Western Europe,Developed
Romania,2020,6.785,10.277,0.869,66.925,0.863,-0.159,0.918,2.63,5.03,Western Europe,Developed
Romania,2021,6.549,10.335,0.835,67.05,0.871,-0.184,0.928,5.05,5.59,Western Europe,Developed
Romania,2022,6.437,10.404,0.83,67.175,0.836,-0.172,0.941,13.8,5.61,Western Europe,Developed
Russia,2010,5.385,10.084,0.909,60.5,0.613,-0.3,0.937,6.85,7.37,Eastern Europe,Developed
Russia,2011,5.389,10.126,0.883,60.94,0.626,-0.282,0.935,8.44,6.54,Eastern Europe,Developed
Russia,2012,5.621,10.163,0.901,61.38,0.609,-0.296,0.938,5.07,5.44,Eastern Europe,Developed
Russia,2013,5.537,10.179,0.881,61.82,0.661,-0.293,0.934,6.75,5.46,Eastern Europe,Developed
Russia,2014,6.037,10.168,0.932,62.26,0.744,-0.268,0.869,7.82,5.16,Eastern Europe,Developed
Russia,2015,5.996,10.146,0.924,62.7,0.685,-0.175,0.913,15.53,5.57,Eastern Europe,Developed
Russia,2016,5.855,10.146,0.911,63.075,0.714,-0.185,0.925,7.04,5.56,Eastern Europe,Developed
Russia,2017,5.579,10.163,0.896,63.45,0.731,-0.149,0.862,3.68,5.21,Eastern Europe,Developed
Russia,2018,5.514,10.191,0.909,63.825,0.729,-0.151,0.865,2.88,4.85,Eastern Europe,Developed
Russia,2019,5.441,10.213,0.91,64.2,0.715,-0.12,0.848,4.47,4.5,Eastern Europe,Developed
Russia,2020,5.495,10.188,0.887,64.575,0.714,-0.076,0.823,3.38,5.59,Eastern Europe,Developed
Russia,2021,5.448,10.239,0.862,64.95,0.671,0.056,0.808,6.69,4.72,Eastern Europe,Developed
Russia,2022,6.044,10.203,0.92,65.325,0.776,-0.07,0.767,0,3.87,Eastern Europe,Developed
Saudi Arabia,2010,6.307,10.623,0.88,62.2,0.678,-0.032,0,5.34,5.55,Middle East,Developed
Saudi Arabia,2011,6.7,10.693,0.83,62.4,0.603,-0.142,0,5.83,0,Middle East,Developed
Saudi Arabia,2012,6.396,10.724,0.867,62.6,0.56,-0.12,0,2.87,5.62,Middle East,Developed
Saudi Arabia,2013,6.495,10.729,0.827,62.8,0.661,-0.082,0,3.53,5.6,Middle East,Developed
Saudi Arabia,2014,6.278,10.745,0.818,63,0.762,-0.074,0,2.24,5.88,Middle East,Developed
Saudi Arabia,2015,6.345,10.766,0.82,63.2,0.82,-0.047,0,1.21,5.6,Middle East,Developed
Saudi Arabia,2016,6.474,10.762,0.89,63.4,0.774,-0.134,0,2.07,5.6,Middle East,Developed
Saudi Arabia,2017,6.294,10.732,0.84,63.6,0.814,-0.133,0,-0.84,5.89,Middle East,Developed
Saudi Arabia,2018,6.356,10.733,0.868,63.8,0.855,-0.194,0,2.46,6.03,Middle East,Developed
Saudi Arabia,2019,6.561,10.713,0.912,64,0.891,-0.148,0,-2.09,5.64,Middle East,Developed
Saudi Arabia,2020,6.56,10.666,0.89,64.2,0.884,-0.112,0,3.45,7.66,Middle East,Developed
Saudi Arabia,2021,6.445,10.7,0.859,64.4,0.902,-0.102,0,3.06,6.62,Middle East,Developed
Saudi Arabia,2022,6.382,10.781,0.9,64.6,0,-0.027,0,2.47,5.59,Middle East,Developed
Serbia,2010,4.461,9.583,0.726,65.7,0.463,-0.174,0.965,6.14,19.2,Western Europe,Developed
Serbia,2011,4.815,9.611,0.773,65.84,0.44,-0.188,0.977,11.14,22.96,Western Europe,Developed
Serbia,2012,5.155,9.609,0.819,65.98,0.461,-0.134,0.952,7.33,24,Western Europe,Developed
Serbia,2013,5.102,9.642,0.828,66.12,0.533,-0.103,0.908,7.69,22.15,Western Europe,Developed
Serbia,2014,5.113,9.631,0.783,66.26,0.532,0.068,0.912,2.08,19.22,Western Europe,Developed
Serbia,2015,5.318,9.654,0.816,66.4,0.546,-0.066,0.859,1.39,17.66,Western Europe,Developed
Serbia,2016,5.753,9.692,0.895,66.525,0.614,-0.072,0.89,1.12,15.26,Western Europe,Developed
Serbia,2017,5.122,9.718,0.884,66.65,0.685,-0.081,0.851,3.13,13.48,Western Europe,Developed
Serbia,2018,5.936,9.767,0.853,66.775,0.74,-0.103,0.864,1.96,12.73,Western Europe,Developed
Serbia,2019,6.241,9.815,0.903,66.9,0.753,-0.044,0.813,1.85,10.39,Western Europe,Developed
Serbia,2020,6.042,9.813,0.852,67.025,0.843,0.144,0.824,1.58,9.01,Western Europe,Developed
Serbia,2021,6.245,9.895,0.89,67.15,0.85,0.264,0.806,4.09,10.06,Western Europe,Developed
Singapore,2010,6.531,11.266,0.864,72.3,0.846,-0.023,0.06,2.82,4.12,Asia,Developed
Singapore,2011,6.561,11.305,0.904,72.48,0.822,-0.153,0.099,5.25,3.89,Asia,Developed
Singapore,2013,6.533,11.355,0.808,72.84,0.827,0.11,0.242,2.36,3.86,Asia,Developed
Singapore,2014,7.062,11.381,0.822,73.02,0.835,0.149,0.133,1.03,3.74,Asia,Developed
Singapore,2015,6.62,11.398,0.866,73.2,0.887,0.145,0.099,-0.52,3.79,Asia,Developed
Singapore,2016,6.033,11.42,0.925,73.3,0.904,0.138,0.047,-0.53,4.08,Asia,Developed
Singapore,2017,6.378,11.465,0.897,73.4,0.926,0.13,0.162,0.58,4.2,Asia,Developed
Singapore,2018,6.375,11.496,0.903,73.5,0.916,-0.071,0.097,0.44,0,Asia,Developed
Singapore,2019,6.378,11.496,0.925,73.6,0.938,0.022,0.07,0.57,3.1,Asia,Developed
Singapore,2021,6.587,11.571,0.876,73.8,0.879,0.063,0.145,2.3,4.64,Asia,Developed
Slovenia,2010,6.083,10.415,0.917,69.2,0.896,0.026,0.845,1.8,7.26,Eastern Europe,Developed
Slovenia,2011,6.036,10.421,0.931,69.36,0.907,-0.029,0.893,1.8,8.2,Eastern Europe,Developed
Slovenia,2012,6.063,10.392,0.925,69.52,0.904,-0.023,0.891,2.6,8.88,Eastern Europe,Developed
Slovenia,2013,5.975,10.381,0.932,69.68,0.89,0.032,0.918,1.77,10.14,Eastern Europe,Developed
Slovenia,2014,5.678,10.407,0.908,69.84,0.888,0.049,0.909,0.2,9.72,Eastern Europe,Developed
Slovenia,2015,5.741,10.428,0.901,70,0.896,0.004,0.892,-0.53,9,Eastern Europe,Developed
Slovenia,2016,5.937,10.459,0.934,70.175,0.904,-0.058,0.838,-0.05,8.02,Eastern Europe,Developed
Slovenia,2017,6.167,10.505,0.928,70.35,0.921,-0.029,0.829,1.43,6.57,Eastern Europe,Developed
Slovenia,2018,6.249,10.545,0.941,70.525,0.942,-0.123,0.839,1.74,5.13,Eastern Europe,Developed
Slovenia,2019,6.665,10.572,0.949,70.7,0.945,-0.106,0.785,1.63,4.45,Eastern Europe,Developed
Slovenia,2020,6.462,10.521,0.953,70.875,0.958,-0.089,0.797,-0.05,4.99,Eastern Europe,Developed
Slovenia,2021,6.761,10.598,0.955,71.05,0.851,0.027,0.754,1.92,4.74,Eastern Europe,Developed
Slovenia,2022,6.723,10.644,0.942,71.225,0.93,0.101,0.762,8.83,4.01,Eastern Europe,Developed
South Korea,2010,6.116,10.446,0.816,70.9,0.677,-0.037,0.752,2.94,3.32,Asia,Developed
South Korea,2011,6.947,10.474,0.809,71.12,0.682,-0.052,0.827,4.03,2.99,Asia,Developed
South Korea,2012,6.003,10.493,0.775,71.34,0.618,0,0.844,2.19,2.81,Asia,Developed
South Korea,2013,5.959,10.519,0.797,71.56,0.642,-0.054,0.832,1.3,2.75,Asia,Developed
South Korea,2014,5.801,10.544,0.738,71.78,0.623,-0.047,0.834,1.27,3.08,Asia,Developed
South Korea,2015,5.78,10.567,0.768,72,0.616,-0.04,0.841,0.71,3.55,Asia,Developed
South Korea,2016,5.971,10.592,0.811,72.275,0.591,0.022,0.862,0.97,3.65,Asia,Developed
South Korea,2017,5.874,10.62,0.807,72.55,0.538,0.01,0.851,1.94,3.65,Asia,Developed
South Korea,2018,5.84,10.645,0.798,72.825,0.6,-0.093,0.797,1.48,3.82,Asia,Developed
South Korea,2019,5.903,10.663,0.783,73.1,0.706,-0.06,0.718,0.38,3.75,Asia,Developed
South Korea,2020,5.793,10.655,0.808,73.375,0.711,-0.111,0.665,0.54,3.93,Asia,Developed
South Korea,2021,6.113,10.697,0.811,73.65,0.717,-0.031,0.685,2.5,3.64,Asia,Developed
South Korea,2022,5.95,10.726,0.81,73.925,0.723,0.003,0.747,5.09,2.86,Asia,Developed
Spain,2010,6.188,10.527,0.95,71,0.796,-0.142,0.84,1.8,19.86,Western Europe,Developed
Spain,2011,6.518,10.515,0.944,71.12,0.819,-0.126,0.846,3.2,21.39,Western Europe,Developed
Spain,2012,6.291,10.484,0.937,71.24,0.755,-0.063,0.844,2.45,24.79,Western Europe,Developed
Spain,2013,6.15,10.473,0.929,71.36,0.759,-0.105,0.916,1.41,26.09,Western Europe,Developed
Spain,2014,6.456,10.49,0.948,71.48,0.738,-0.032,0.854,-0.15,24.44,Western Europe,Developed
Spain,2015,6.381,10.529,0.956,71.6,0.732,-0.076,0.822,-0.5,22.06,Western Europe,Developed
Spain,2016,6.319,10.558,0.942,71.725,0.768,-0.052,0.819,-0.2,19.64,Western Europe,Developed
Spain,2017,6.23,10.585,0.903,71.85,0.756,-0.036,0.791,1.96,17.22,Western Europe,Developed
Spain,2018,6.513,10.603,0.91,71.975,0.722,-0.079,0.777,1.67,15.25,Western Europe,Developed
Spain,2019,6.457,10.615,0.949,72.1,0.778,-0.053,0.73,0.7,14.1,Western Europe,Developed
Spain,2020,6.502,10.49,0.935,72.225,0.783,-0.125,0.73,-0.32,15.53,Western Europe,Developed
Spain,2021,6.47,10.543,0.926,72.35,0.782,-0.074,0.729,3.09,14.78,Western Europe,Developed
Spain,2022,6.337,10.587,0.934,72.475,0.781,0.001,0.673,8.39,12.92,Western Europe,Developed
Sweden,2010,7.496,10.775,0.97,71.2,0.905,0.138,0.253,1.16,8.61,Western Europe,Developed
Sweden,2011,7.382,10.799,0.921,71.24,0.941,0.158,0.269,2.96,7.8,Western Europe,Developed
Sweden,2012,7.56,10.785,0.929,71.28,0.944,0.129,0.254,0.89,7.98,Western Europe,Developed
Sweden,2013,7.434,10.789,0.916,71.32,0.936,0.156,0.324,-0.04,8.05,Western Europe,Developed
Sweden,2014,7.239,10.805,0.933,71.36,0.945,0.198,0.25,-0.18,7.95,Western Europe,Developed
Sweden,2015,7.289,10.838,0.929,71.4,0.935,0.208,0.232,-0.05,7.43,Western Europe,Developed
Sweden,2016,7.369,10.846,0.912,71.525,0.918,0.142,0.246,0.98,6.99,Western Europe,Developed
Sweden,2017,7.287,10.858,0.914,71.65,0.935,0.167,0.239,1.79,6.72,Western Europe,Developed
Sweden,2018,7.375,10.866,0.931,71.775,0.942,0.073,0.263,1.95,6.36,Western Europe,Developed
Sweden,2019,7.398,10.875,0.934,71.9,0.942,0.087,0.25,1.78,6.83,Western Europe,Developed
Sweden,2020,7.314,10.846,0.936,72.025,0.951,0.086,0.203,0.5,8.29,Western Europe,Developed
Sweden,2021,7.439,10.89,0.932,72.15,0.953,0.174,0.191,2.16,8.72,Western Europe,Developed
Sweden,2022,7.431,10.913,0.949,72.275,0.939,0.234,0.213,8.37,7.39,Western Europe,Developed
Switzerland,2012,7.776,11.107,0.947,71.52,0.945,0.132,0.323,-0.69,4.49,Western Europe,Developed
Switzerland,2014,7.493,11.125,0.959,71.64,0.949,0.054,0.283,-0.01,4.83,Western Europe,Developed
Switzerland,2015,7.572,11.13,0.938,71.7,0.928,0.102,0.21,-1.14,4.8,Western Europe,Developed
Switzerland,2016,7.459,11.139,0.928,71.9,0.934,0.081,0.302,-0.43,4.92,Western Europe,Developed
Switzerland,2017,7.474,11.143,0.95,72.1,0.925,0.173,0.316,0.53,4.8,Western Europe,Developed
Switzerland,2018,7.509,11.164,0.93,72.3,0.926,0.094,0.301,0.94,4.71,Western Europe,Developed
Switzerland,2019,7.694,11.168,0.949,72.5,0.913,0.029,0.294,0.36,4.39,Western Europe,Developed
Switzerland,2020,7.508,11.137,0.946,72.7,0.917,-0.072,0.28,-0.73,4.82,Western Europe,Developed
Switzerland,2021,7.328,11.171,0.934,72.9,0.908,0.024,0.287,0.58,5.1,Western Europe,Developed
Switzerland,2022,6.884,11.184,0.881,73.1,0.848,0.128,0.235,2.84,4.3,Western Europe,Developed
United Arab Emirates,2010,7.097,10.909,0.912,65.1,0.878,0.053,0.355,0.88,0,Middle East,Developed
United Arab Emirates,2011,7.119,10.965,0.881,65.16,0.889,0.065,0,0.88,0,Middle East,Developed
United Arab Emirates,2012,7.218,11.001,0.856,65.22,0.92,0,0,0.66,0,Middle East,Developed
United Arab Emirates,2013,6.621,11.041,0.864,65.28,0.936,0,0,1.1,0,Middle East,Developed
United Arab Emirates,2014,6.54,11.072,0,65.34,0,0,0,2.35,0,Middle East,Developed
United Arab Emirates,2015,6.568,11.128,0.824,65.4,0.915,0.193,0,4.07,0,Middle East,Developed
United Arab Emirates,2016,6.831,11.174,0.849,65.55,0.949,0.122,0,1.62,1.64,Middle East,Developed
United Arab Emirates,2017,7.039,11.173,0.836,65.7,0.962,0.207,0,1.97,2.46,Middle East,Developed
United Arab Emirates,2018,6.604,11.178,0.851,65.85,0.944,0.045,0,3.07,2.24,Middle East,Developed
United Arab Emirates,2019,6.711,11.181,0.862,66,0.911,0.119,0,-1.93,2.33,Middle East,Developed
United Arab Emirates,2020,6.458,11.122,0.827,66.15,0.942,0.05,0,-2.08,4.29,Middle East,Developed
United Arab Emirates,2021,6.733,11.152,0.826,66.3,0.951,0.151,0,-0.01,3.11,Middle East,Developed
United Arab Emirates,2022,6.738,11.202,0.798,66.45,0.932,0.171,0,4.83,0,Middle East,Developed
United Kingdom,2010,7.029,10.652,0.955,69.4,0.841,0.399,0.587,2.49,7.79,Western Europe,Developed
United Kingdom,2011,6.869,10.655,0.949,69.46,0.9,0.332,0.438,3.86,8.04,Western Europe,Developed
United Kingdom,2012,6.881,10.662,0.935,69.52,0.889,0.367,0.425,2.57,7.88,Western Europe,Developed
United Kingdom,2013,6.918,10.673,0.937,69.58,0.905,0.342,0.568,2.29,7.52,Western Europe,Developed
United Kingdom,2014,6.758,10.698,0.91,69.64,0.857,0.35,0.484,1.45,6.11,Western Europe,Developed
United Kingdom,2015,6.515,10.713,0.936,69.7,0.833,0.296,0.456,0.37,5.3,Western Europe,Developed
United Kingdom,2016,6.824,10.727,0.954,69.8,0.821,0.246,0.458,1.01,4.81,Western Europe,Developed
United Kingdom,2017,7.103,10.744,0.937,69.9,0.813,0.286,0.419,2.56,4.33,Western Europe,Developed
United Kingdom,2018,7.233,10.755,0.928,70,0.838,0.221,0.404,2.29,4,Western Europe,Developed
United Kingdom,2019,7.157,10.766,0.943,70.1,0.854,0.265,0.485,1.74,3.74,Western Europe,Developed
United Kingdom,2020,6.798,10.645,0.929,70.2,0.885,0.197,0.49,0.99,0,Western Europe,Developed
United Kingdom,2021,6.867,10.714,0.854,70.3,0.815,0.254,0.448,2.52,0,Western Europe,Developed
United Kingdom,2022,6.722,10.754,0.863,70.4,0.857,0.309,0.426,7.92,0,Western Europe,Developed
United States,2010,7.164,10.906,0.926,66.7,0.828,0.239,0.69,1.64,9.63,North America,Developed
United States,2011,7.115,10.914,0.922,66.68,0.863,0.156,0.697,3.16,8.95,North America,Developed
United States,2012,7.026,10.93,0.903,66.66,0.823,0.21,0.71,2.07,8.07,North America,Developed
United States,2013,7.249,10.941,0.925,66.64,0.792,0.269,0.747,1.46,7.37,North America,Developed
United States,2014,7.151,10.956,0.902,66.62,0.866,0.217,0.702,1.62,6.17,North America,Developed
United States,2015,6.864,10.976,0.904,66.6,0.849,0.215,0.698,0.12,5.28,North America,Developed
United States,2016,6.804,10.985,0.897,66.475,0.758,0.14,0.739,1.26,4.87,North America,Developed
United States,2017,6.992,11.001,0.921,66.35,0.868,0.193,0.681,2.13,4.36,North America,Developed
United States,2018,6.883,11.024,0.904,66.225,0.825,0.112,0.71,2.44,3.9,North America,Developed
United States,2019,6.944,11.043,0.917,66.1,0.836,0.14,0.707,1.81,3.67,North America,Developed
United States,2020,7.028,11.005,0.937,65.975,0.85,0.029,0.678,1.23,8.05,North America,Developed
United States,2021,6.959,11.061,0.92,65.85,0.816,0.19,0.687,4.7,5.35,North America,Developed
United States,2022,6.693,11.079,0.9,65.725,0.736,0.191,0.701,8,3.65,North America,Developed
