"year","country","happiness_score"
2020,"Finland","7.889"
2020,"Finland","7.889"
2018,"Finland","7.858"
2018,"Finland","7.858"
2021,"Finland","7.794"
2021,"Finland","7.794"
2011,"Denmark","7.788"
2017,"Finland","7.788"
2017,"Finland","7.788"
2011,"Denmark","7.788"
2019,"Finland","7.78"
2019,"Finland","7.78"
2012,"Switzerland","7.776"
2012,"Switzerland","7.776"
2010,"Denmark","7.771"
2010,"Denmark","7.771"
2022,"Finland","7.729"
2022,"Finland","7.729"
2021,"Denmark","7.699"
2021,"Denmark","7.699"
2019,"Switzerland","7.694"
2019,"Switzerland","7.694"
2019,"Denmark","7.693"
2019,"Denmark","7.693"
2012,"Norway","7.678"
2012,"Norway","7.678"
2022,"Israel","7.662"
2022,"Israel","7.662"
2016,"Finland","7.66"
2016,"Finland","7.66"
2010,"Canada","7.65"
2010,"Canada","7.65"
2018,"Denmark","7.649"
2018,"Denmark","7.649"
2015,"Norway","7.603"
2015,"Norway","7.603"
2016,"Norway","7.596"
2016,"Norway","7.596"
2013,"Canada","7.594"
2017,"Denmark","7.594"
2017,"Denmark","7.594"
2013,"Canada","7.594"
2012,"Iceland","7.591"
2012,"Iceland","7.591"
2013,"Denmark","7.589"
2013,"Denmark","7.589"
2017,"Norway","7.579"
2017,"Norway","7.579"
2021,"Israel","7.578"
2021,"Israel","7.578"
2020,"Iceland","7.575"
2020,"Iceland","7.575"
2015,"Switzerland","7.572"
2015,"Switzerland","7.572"
2021,"Iceland","7.565"
2021,"Iceland","7.565"
2011,"Netherlands","7.564"
2011,"Netherlands","7.564"
2012,"Sweden","7.56"
2012,"Sweden","7.56"
2016,"Denmark","7.558"
2016,"Denmark","7.558"
2022,"Denmark","7.545"
2022,"Denmark","7.545"
2016,"Netherlands","7.541"
2016,"Netherlands","7.541"
2019,"Iceland","7.533"
2019,"Iceland","7.533"
2012,"Denmark","7.52"
2012,"Denmark","7.52"
2020,"Denmark","7.515"
2020,"Denmark","7.515"
2015,"Denmark","7.514"
2015,"Denmark","7.514"
2016,"Iceland","7.51"
2016,"Iceland","7.51"
2018,"Switzerland","7.509"
2018,"Switzerland","7.509"
2020,"Switzerland","7.508"
2014,"Denmark","7.508"
2014,"Denmark","7.508"
2020,"Switzerland","7.508"
2020,"Netherlands","7.504"
2020,"Netherlands","7.504"
2010,"Netherlands","7.502"
2010,"Netherlands","7.502"
2013,"Iceland","7.501"
2013,"Iceland","7.501"
2013,"Austria","7.499"
2013,"Austria","7.499"
2015,"Iceland","7.498"
2015,"Iceland","7.498"
2010,"Sweden","7.496"
2010,"Sweden","7.496"
2014,"Switzerland","7.493"
2014,"Switzerland","7.493"
2010,"Venezuela","7.478"
2010,"Venezuela","7.478"
2017,"Iceland","7.476"
2017,"Iceland","7.476"
2017,"Switzerland","7.474"
2017,"Switzerland","7.474"
2012,"Netherlands","7.471"
2012,"Netherlands","7.471"
2011,"Austria","7.471"
2011,"Austria","7.471"
2018,"Netherlands","7.463"
2018,"Netherlands","7.463"
2016,"Switzerland","7.459"
2017,"Netherlands","7.459"
2016,"Switzerland","7.459"
2017,"Netherlands","7.459"
2010,"Australia","7.45"
2010,"Australia","7.45"
2022,"Iceland","7.449"
2022,"Iceland","7.449"
2015,"Finland","7.448"
2015,"Finland","7.448"
2013,"Finland","7.445"
2013,"Finland","7.445"
2018,"Norway","7.444"
2018,"Norway","7.444"
2014,"Norway","7.444"
2014,"Norway","7.444"
2013,"Mexico","7.443"
2013,"Mexico","7.443"
2019,"Norway","7.442"
2019,"Norway","7.442"
2021,"Sweden","7.439"
2021,"Sweden","7.439"
2013,"Sweden","7.434"
2013,"Sweden","7.434"
2011,"Israel","7.433"
2011,"Israel","7.433"
2022,"Sweden","7.431"
2022,"Sweden","7.431"
2011,"Canada","7.426"
2011,"Canada","7.426"
2019,"Netherlands","7.425"
2019,"Netherlands","7.425"
2012,"Finland","7.42"
2012,"Finland","7.42"
2015,"New Zealand","7.418"
2015,"New Zealand","7.418"
2012,"Canada","7.415"
2017,"Canada","7.415"
2012,"Canada","7.415"
2017,"Canada","7.415"
2015,"Canada","7.413"
2015,"Canada","7.413"
2013,"Netherlands","7.407"
2013,"Netherlands","7.407"
2011,"Australia","7.406"
2011,"Australia","7.406"
2019,"Luxembourg","7.404"
2019,"Luxembourg","7.404"
2012,"Austria","7.401"
2014,"Israel","7.401"
2012,"Austria","7.401"
2014,"Israel","7.401"
2019,"Sweden","7.398"
2019,"Sweden","7.398"
2018,"Austria","7.396"
2018,"Austria","7.396"
2010,"Finland","7.393"
2010,"Finland","7.393"
2022,"Netherlands","7.39"
2022,"Netherlands","7.39"
2014,"Finland","7.385"
2014,"Finland","7.385"
2011,"Sweden","7.382"
2011,"Sweden","7.382"
2018,"Sweden","7.375"
2018,"Sweden","7.375"
2018,"New Zealand","7.37"
2018,"New Zealand","7.37"
2016,"Sweden","7.369"
2016,"Sweden","7.369"
2013,"Australia","7.364"
2013,"Australia","7.364"
2021,"Norway","7.362"
2021,"Norway","7.362"
2010,"Israel","7.359"
2010,"Israel","7.359"
2011,"Finland","7.354"
2011,"Finland","7.354"
2019,"Israel","7.332"
2019,"Israel","7.332"
2017,"Israel","7.331"
2017,"Israel","7.331"
2021,"Switzerland","7.328"
2021,"Switzerland","7.328"
2017,"New Zealand","7.327"
2017,"New Zealand","7.327"
2015,"Netherlands","7.324"
2015,"Netherlands","7.324"
2014,"Netherlands","7.321"
2010,"Panama","7.321"
2014,"Netherlands","7.321"
2013,"Israel","7.321"
2010,"Panama","7.321"
2013,"Israel","7.321"
2012,"Mexico","7.32"
2012,"Mexico","7.32"
2021,"Netherlands","7.314"
2020,"Sweden","7.314"
2020,"Sweden","7.314"
2021,"Netherlands","7.314"
2020,"Germany","7.312"
2020,"Germany","7.312"
2015,"Australia","7.309"
2015,"Australia","7.309"
2014,"New Zealand","7.306"
2014,"New Zealand","7.306"
2014,"Canada","7.304"
2014,"Canada","7.304"
2010,"Austria","7.303"
2010,"Austria","7.303"
2022,"Norway","7.295"
2022,"Norway","7.295"
2017,"Austria","7.294"
2017,"Austria","7.294"
2020,"Norway","7.29"
2020,"Norway","7.29"
2015,"Sweden","7.289"
2014,"Australia","7.289"
2014,"Australia","7.289"
2015,"Sweden","7.289"
2017,"Sweden","7.287"
2017,"Sweden","7.287"
2013,"New Zealand","7.28"
2013,"New Zealand","7.28"
2012,"Costa Rica","7.272"
2012,"Costa Rica","7.272"
2010,"Costa Rica","7.271"
2010,"Costa Rica","7.271"
2010,"Ireland","7.257"
2020,"New Zealand","7.257"
2017,"Australia","7.257"
2017,"Australia","7.257"
2010,"Ireland","7.257"
2020,"New Zealand","7.257"
2019,"Ireland","7.255"
2019,"Ireland","7.255"
2016,"Australia","7.25"
2012,"New Zealand","7.25"
2016,"Australia","7.25"
2012,"New Zealand","7.25"
2013,"United States","7.249"
2013,"United States","7.249"
2011,"Panama","7.248"
2011,"Panama","7.248"
2014,"Costa Rica","7.247"
2014,"Costa Rica","7.247"
2016,"Canada","7.245"
2016,"Canada","7.245"
2018,"Luxembourg","7.243"
2018,"Luxembourg","7.243"
2014,"Sweden","7.239"
2014,"Sweden","7.239"
2019,"Australia","7.234"
2019,"Australia","7.234"
2018,"United Kingdom","7.233"
2018,"United Kingdom","7.233"
2011,"Costa Rica","7.229"
2011,"Costa Rica","7.229"
2022,"Luxembourg","7.228"
2022,"Luxembourg","7.228"
2016,"New Zealand","7.226"
2016,"New Zealand","7.226"
2017,"Costa Rica","7.225"
2017,"Costa Rica","7.225"
2010,"New Zealand","7.224"
2010,"New Zealand","7.224"
2012,"United Arab Emirates","7.218"
2012,"United Arab Emirates","7.218"
2020,"Austria","7.213"
2020,"Austria","7.213"
2019,"New Zealand","7.205"
2019,"New Zealand","7.205"
2012,"Australia","7.196"
2012,"Australia","7.196"
2020,"Israel","7.195"
2020,"Israel","7.195"
2019,"Austria","7.195"
2019,"Austria","7.195"
2011,"New Zealand","7.191"
2011,"New Zealand","7.191"
2018,"Australia","7.177"
2018,"Australia","7.177"
2018,"Canada","7.175"
2018,"Canada","7.175"
2010,"United States","7.164"
2010,"United States","7.164"
2016,"Israel","7.159"
2016,"Israel","7.159"
2013,"Costa Rica","7.158"
2013,"Costa Rica","7.158"
2019,"United Kingdom","7.157"
2019,"United Kingdom","7.157"
2014,"United States","7.151"
2014,"United States","7.151"
2018,"Costa Rica","7.141"
2018,"Costa Rica","7.141"
2013,"Brazil","7.14"
2013,"Brazil","7.14"
2020,"Australia","7.137"
2020,"Australia","7.137"
2021,"New Zealand","7.137"
2021,"New Zealand","7.137"
2016,"Costa Rica","7.136"
2016,"Costa Rica","7.136"
2013,"Luxembourg","7.131"
2013,"Luxembourg","7.131"
2011,"United Arab Emirates","7.119"
2011,"United Arab Emirates","7.119"
2018,"Germany","7.118"
2018,"Germany","7.118"
2011,"United States","7.115"
2011,"United States","7.115"
2021,"Australia","7.112"
2021,"Australia","7.112"
2011,"Belgium","7.111"
2012,"Israel","7.111"
2012,"Israel","7.111"
2011,"Belgium","7.111"
2019,"Canada","7.109"
2019,"Canada","7.109"
2013,"Belgium","7.104"
2013,"Belgium","7.104"
2017,"United Kingdom","7.103"
2017,"United Kingdom","7.103"
2011,"Luxembourg","7.101"
2011,"Luxembourg","7.101"
2019,"Bahrain","7.098"
2019,"Bahrain","7.098"
2010,"United Arab Emirates","7.097"
2010,"United Arab Emirates","7.097"
2010,"Luxembourg","7.097"
2010,"Luxembourg","7.097"
2021,"Austria","7.08"
2021,"Austria","7.08"
2015,"Israel","7.079"
2015,"Israel","7.079"
2022,"Costa Rica","7.077"
2022,"Costa Rica","7.077"
2015,"Austria","7.076"
2015,"Austria","7.076"
2017,"Germany","7.074"
2017,"Germany","7.074"
2012,"Venezuela","7.067"
2012,"Venezuela","7.067"
2014,"Singapore","7.062"
2014,"Singapore","7.062"
2017,"Luxembourg","7.061"
2017,"Luxembourg","7.061"
2017,"Ireland","7.06"
2017,"Ireland","7.06"
2016,"Austria","7.048"
2016,"Austria","7.048"
2016,"Ireland","7.041"
2016,"Ireland","7.041"
2017,"United Arab Emirates","7.039"
2017,"United Arab Emirates","7.039"
2011,"Brazil","7.038"
2022,"Lithuania","7.038"
2022,"Mexico","7.038"
2022,"Mexico","7.038"
2022,"Lithuania","7.038"
2011,"Brazil","7.038"
2015,"Germany","7.037"
2015,"Germany","7.037"
2020,"Ireland","7.035"
2022,"Australia","7.035"
2019,"Germany","7.035"
2019,"Germany","7.035"
2022,"Australia","7.035"
2020,"Ireland","7.035"
2018,"Czechia","7.034"
2018,"Czechia","7.034"
2010,"United Kingdom","7.029"
2010,"United Kingdom","7.029"
2020,"United States","7.028"
2020,"United States","7.028"
2012,"United States","7.026"
2012,"United States","7.026"
2020,"Canada","7.025"
2020,"Canada","7.025"
2014,"Ireland","7.018"
2014,"Ireland","7.018"
2011,"Ireland","7.007"
2011,"Ireland","7.007"
2022,"Austria","6.999"
2022,"Austria","6.999"
2019,"Costa Rica","6.998"
2019,"Costa Rica","6.998"
2017,"United States","6.992"
2017,"United States","6.992"
2014,"Thailand","6.985"
2014,"Thailand","6.985"
2014,"Germany","6.984"
2014,"Germany","6.984"
2014,"Brazil","6.981"
2014,"Brazil","6.981"
2022,"New Zealand","6.975"
2022,"New Zealand","6.975"
2016,"Luxembourg","6.967"
2016,"Luxembourg","6.967"
2012,"Ireland","6.965"
2013,"Germany","6.965"
2012,"Ireland","6.965"
2013,"Germany","6.965"
2012,"Luxembourg","6.964"
2012,"Luxembourg","6.964"
2018,"Ireland","6.962"
2018,"Ireland","6.962"
2021,"United States","6.959"
2011,"France","6.959"
2021,"United States","6.959"
2011,"France","6.959"
2014,"Austria","6.95"
2014,"Austria","6.95"
2016,"Belgium","6.949"
2016,"Belgium","6.949"
2011,"South Korea","6.947"
2011,"South Korea","6.947"
2019,"United States","6.944"
2019,"United States","6.944"
2021,"Czechia","6.942"
2021,"Czechia","6.942"
2021,"Canada","6.939"
2021,"Canada","6.939"
2012,"Belgium","6.935"
2012,"Belgium","6.935"
2017,"Belgium","6.928"
2017,"Belgium","6.928"
2018,"Israel","6.927"
2018,"Israel","6.927"
2013,"United Kingdom","6.918"
2022,"Canada","6.918"
2022,"Canada","6.918"
2013,"United Kingdom","6.918"
2011,"Mexico","6.91"
2011,"Mexico","6.91"
2018,"Malta","6.91"
2018,"Malta","6.91"
2015,"Belgium","6.904"
2015,"Belgium","6.904"
2020,"Czechia","6.897"
2020,"Czechia","6.897"
2018,"Belgium","6.892"
2018,"Belgium","6.892"
2014,"Luxembourg","6.891"
2014,"Luxembourg","6.891"
2022,"Switzerland","6.884"
2022,"Switzerland","6.884"
2018,"United States","6.883"
2018,"United States","6.883"
2021,"Belgium","6.882"
2021,"Belgium","6.882"
2012,"United Kingdom","6.881"
2012,"United Kingdom","6.881"
2016,"Germany","6.874"
2016,"Germany","6.874"
2022,"Ireland","6.87"
2022,"Ireland","6.87"
2011,"United Kingdom","6.869"
2011,"United Kingdom","6.869"
2021,"United Kingdom","6.867"
2021,"United Kingdom","6.867"
2013,"Panama","6.866"
2013,"Panama","6.866"
2021,"Lithuania","6.865"
2021,"Lithuania","6.865"
2015,"United States","6.864"
2015,"United States","6.864"
2012,"Panama","6.86"
2012,"Panama","6.86"
2022,"Belgium","6.857"
2022,"Belgium","6.857"
2014,"Belgium","6.855"
2014,"Belgium","6.855"
2010,"Belgium","6.854"
2015,"Costa Rica","6.854"
2010,"Belgium","6.854"
2015,"Costa Rica","6.854"
2011,"Oman","6.853"
2011,"Oman","6.853"
2010,"Qatar","6.85"
2010,"Qatar","6.85"
2014,"Chile","6.844"
2014,"Chile","6.844"
2020,"Belgium","6.839"
2020,"Belgium","6.839"
2010,"Brazil","6.837"
2010,"Brazil","6.837"
2016,"United Arab Emirates","6.831"
2016,"United Arab Emirates","6.831"
2015,"Ireland","6.83"
2015,"Ireland","6.83"
2021,"Ireland","6.828"
2021,"Ireland","6.828"
2016,"United Kingdom","6.824"
2016,"United Kingdom","6.824"
2016,"Mexico","6.824"
2016,"Mexico","6.824"
2016,"United States","6.804"
2016,"United States","6.804"
2010,"Mexico","6.802"
2010,"Mexico","6.802"
2020,"United Kingdom","6.798"
2010,"France","6.798"
2010,"Kuwait","6.798"
2020,"United Kingdom","6.798"
2010,"Kuwait","6.798"
2010,"France","6.798"
2017,"Czechia","6.79"
2017,"Czechia","6.79"
2020,"Romania","6.785"
2020,"Romania","6.785"
2011,"Argentina","6.776"
2011,"Argentina","6.776"
2019,"Belgium","6.772"
2019,"Belgium","6.772"
2021,"Slovenia","6.761"
2021,"Slovenia","6.761"
2013,"Ireland","6.76"
2013,"Ireland","6.76"
2014,"United Kingdom","6.758"
2014,"United Kingdom","6.758"
2021,"Germany","6.755"
2021,"Germany","6.755"
2010,"El Salvador","6.74"
2010,"El Salvador","6.74"
2013,"Chile","6.74"
2013,"Chile","6.74"
2022,"United Arab Emirates","6.738"
2022,"United Arab Emirates","6.738"
2016,"Czechia","6.736"
2016,"Czechia","6.736"
2019,"Malta","6.733"
2019,"Malta","6.733"
2021,"United Arab Emirates","6.733"
2021,"United Arab Emirates","6.733"
2010,"Germany","6.725"
2010,"Germany","6.725"
2022,"Slovenia","6.723"
2022,"Slovenia","6.723"
2022,"United Kingdom","6.722"
2022,"United Kingdom","6.722"
2020,"France","6.714"
2020,"France","6.714"
2019,"United Arab Emirates","6.711"
2019,"United Arab Emirates","6.711"
2015,"Luxembourg","6.702"
2012,"Germany","6.702"
2015,"Luxembourg","6.702"
2012,"Germany","6.702"
2011,"Saudi Arabia","6.7"
2011,"Saudi Arabia","6.7"
2013,"Czechia","6.698"
2013,"Czechia","6.698"
2015,"Argentina","6.697"
2015,"Argentina","6.697"
2022,"Czechia","6.695"
2022,"Czechia","6.695"
2022,"United States","6.693"
2022,"United States","6.693"
2019,"France","6.69"
2013,"Bahrain","6.69"
2019,"France","6.69"
2011,"Cyprus","6.69"
2013,"Bahrain","6.69"
2011,"Cyprus","6.69"
2014,"Mexico","6.68"
2014,"Mexico","6.68"
2017,"Malta","6.676"
2017,"Malta","6.676"
2014,"Argentina","6.671"
2022,"Uruguay","6.671"
2014,"Argentina","6.671"
2022,"Uruguay","6.671"
2013,"France","6.667"
2013,"France","6.667"
2018,"France","6.666"
2022,"Poland","6.666"
2018,"France","6.666"
2022,"Poland","6.666"
2019,"Slovenia","6.665"
2019,"Slovenia","6.665"
2011,"Thailand","6.664"
2011,"Thailand","6.664"
2012,"Brazil","6.66"
2012,"Brazil","6.66"
2021,"France","6.656"
2021,"France","6.656"
2012,"France","6.649"
2012,"France","6.649"
2021,"Kosovo","6.648"
2021,"Kosovo","6.648"
2010,"Chile","6.636"
2010,"Chile","6.636"
2017,"France","6.635"
2017,"France","6.635"
2014,"Panama","6.631"
2014,"Panama","6.631"
2015,"Uruguay","6.628"
2015,"Uruguay","6.628"
2018,"Guatemala","6.627"
2018,"Guatemala","6.627"
2011,"Germany","6.621"
2013,"United Arab Emirates","6.621"
2011,"Germany","6.621"
2013,"United Arab Emirates","6.621"
2015,"Singapore","6.62"
2015,"Singapore","6.62"
2022,"France","6.614"
2022,"France","6.614"
2015,"Malta","6.613"
2015,"Malta","6.613"
2012,"Qatar","6.611"
2012,"Qatar","6.611"
2022,"Germany","6.608"
2022,"Germany","6.608"
2015,"Czechia","6.608"
2015,"Czechia","6.608"
2013,"Colombia","6.607"
2013,"Colombia","6.607"
2015,"Panama","6.606"
2015,"Panama","6.606"
2018,"United Arab Emirates","6.604"
2018,"United Arab Emirates","6.604"
2019,"Uruguay","6.6"
2019,"Uruguay","6.6"
2012,"Chile","6.599"
2012,"Chile","6.599"
2011,"Qatar","6.592"
2011,"Qatar","6.592"
2016,"Malta","6.591"
2016,"Malta","6.591"
2021,"Singapore","6.587"
2021,"Singapore","6.587"
2013,"Argentina","6.582"
2013,"Argentina","6.582"
2011,"Venezuela","6.58"
2011,"Venezuela","6.58"
2016,"Chile","6.579"
2016,"Chile","6.579"
2015,"United Arab Emirates","6.568"
2017,"Panama","6.568"
2015,"United Arab Emirates","6.568"
2017,"Panama","6.568"
2019,"Saudi Arabia","6.561"
2011,"Singapore","6.561"
2014,"Uruguay","6.561"
2019,"Saudi Arabia","6.561"
2014,"Uruguay","6.561"
2011,"Singapore","6.561"
2020,"Saudi Arabia","6.56"
2020,"Saudi Arabia","6.56"
2021,"Estonia","6.554"
2011,"Uruguay","6.554"
2011,"Uruguay","6.554"
2021,"Estonia","6.554"
2013,"Venezuela","6.553"
2021,"Panama","6.553"
2013,"Venezuela","6.553"
2021,"Panama","6.553"
2018,"Mexico","6.55"
2018,"Mexico","6.55"
2021,"Romania","6.549"
2021,"Romania","6.549"
2015,"Brazil","6.547"
2015,"Brazil","6.547"
2014,"United Arab Emirates","6.54"
2014,"United Arab Emirates","6.54"
2014,"Guatemala","6.536"
2014,"Guatemala","6.536"
2015,"Chile","6.533"
2013,"Singapore","6.533"
2013,"Singapore","6.533"
2015,"Chile","6.533"
2010,"Singapore","6.531"
2010,"Singapore","6.531"
2011,"Chile","6.526"
2011,"Chile","6.526"
2011,"Trinidad and Tobago","6.519"
2011,"Trinidad and Tobago","6.519"
2020,"Slovakia","6.519"
2020,"Slovakia","6.519"
2011,"Spain","6.518"
2011,"Spain","6.518"
2018,"Italy","6.517"
2018,"Italy","6.517"
2015,"United Kingdom","6.515"
2015,"United Kingdom","6.515"
2018,"Spain","6.513"
2018,"Spain","6.513"
2020,"Croatia","6.508"
2020,"Croatia","6.508"
2020,"Spain","6.502"
2021,"Uruguay","6.502"
2021,"Uruguay","6.502"
2020,"Spain","6.502"
2013,"Saudi Arabia","6.495"
2013,"Saudi Arabia","6.495"
2022,"El Salvador","6.492"
2022,"El Salvador","6.492"
2020,"Italy","6.488"
2020,"Italy","6.488"
2014,"Czechia","6.484"
2014,"Czechia","6.484"
2013,"Kuwait","6.48"
2013,"Kuwait","6.48"
2017,"Nicaragua","6.476"
2017,"Nicaragua","6.476"
2016,"France","6.475"
2016,"France","6.475"
2016,"Saudi Arabia","6.474"
2016,"Saudi Arabia","6.474"
2021,"Spain","6.47"
2021,"Spain","6.47"
2012,"Argentina","6.468"
2012,"Argentina","6.468"
2021,"Italy","6.467"
2014,"France","6.467"
2021,"Italy","6.467"
2014,"France","6.467"
2015,"Guatemala","6.465"
2015,"Guatemala","6.465"
2011,"Colombia","6.464"
2011,"Colombia","6.464"
2020,"Slovenia","6.462"
2020,"Slovenia","6.462"
2020,"United Arab Emirates","6.458"
2020,"United Arab Emirates","6.458"
2019,"Spain","6.457"
2019,"Spain","6.457"
2014,"Spain","6.456"
2014,"Spain","6.456"
2019,"El Salvador","6.455"
2019,"El Salvador","6.455"
2020,"Estonia","6.453"
2020,"Estonia","6.453"
2014,"Malta","6.452"
2014,"Malta","6.452"
2019,"Brazil","6.451"
2019,"Brazil","6.451"
2012,"Uruguay","6.45"
2012,"Uruguay","6.45"
2014,"Colombia","6.449"
2014,"Colombia","6.449"
2019,"Italy","6.445"
2021,"Saudi Arabia","6.445"
2019,"Italy","6.445"
2021,"Saudi Arabia","6.445"
2021,"Malta","6.444"
2013,"Uruguay","6.444"
2021,"Malta","6.444"
2013,"Uruguay","6.444"
2010,"Argentina","6.441"
2010,"Argentina","6.441"
2022,"Romania","6.437"
2022,"Romania","6.437"
2018,"Chile","6.436"
2021,"Chile","6.436"
2021,"Chile","6.436"
2018,"Chile","6.436"
2019,"Mexico","6.432"
2019,"Mexico","6.432"
2021,"El Salvador","6.431"
2021,"El Salvador","6.431"
2016,"Argentina","6.427"
2016,"Argentina","6.427"
2019,"Kosovo","6.425"
2019,"Kosovo","6.425"
2017,"Uzbekistan","6.421"
2017,"Uzbekistan","6.421"
2021,"Slovakia","6.419"
2021,"Slovakia","6.419"
2022,"Chile","6.415"
2022,"Chile","6.415"
2017,"Mexico","6.41"
2017,"Mexico","6.41"
2010,"Colombia","6.408"
2021,"Costa Rica","6.408"
2010,"Colombia","6.408"
2021,"Costa Rica","6.408"
2012,"Saudi Arabia","6.396"
2012,"Saudi Arabia","6.396"
2022,"Nicaragua","6.392"
2022,"Nicaragua","6.392"
2018,"Kosovo","6.392"
2018,"Kosovo","6.392"
2020,"Lithuania","6.391"
2020,"Lithuania","6.391"
2015,"Colombia","6.388"
2015,"Colombia","6.388"
2010,"Cyprus","6.387"
2010,"Cyprus","6.387"
2022,"Saudi Arabia","6.382"
2022,"Saudi Arabia","6.382"
2015,"Spain","6.381"
2015,"Spain","6.381"
2013,"Malta","6.38"
2013,"Malta","6.38"
2011,"Kuwait","6.378"
2017,"Singapore","6.378"
2019,"Singapore","6.378"
2017,"Singapore","6.378"
2011,"Kuwait","6.378"
2019,"Singapore","6.378"
2012,"Colombia","6.375"
2016,"Brazil","6.375"
2016,"Brazil","6.375"
2018,"Singapore","6.375"
2015,"Qatar","6.375"
2018,"Singapore","6.375"
2015,"Qatar","6.375"
2012,"Colombia","6.375"
2018,"Uruguay","6.372"
2018,"Uruguay","6.372"
2017,"Slovakia","6.366"
2017,"Slovakia","6.366"
2016,"Guatemala","6.359"
2016,"Guatemala","6.359"
2015,"France","6.358"
2015,"France","6.358"
2022,"Estonia","6.357"
2022,"Estonia","6.357"
2018,"Saudi Arabia","6.356"
2018,"Saudi Arabia","6.356"
2014,"Algeria","6.355"
2014,"Algeria","6.355"
2010,"Italy","6.354"
2010,"Italy","6.354"
2021,"Latvia","6.353"
2021,"Latvia","6.353"
2019,"Colombia","6.35"
2019,"Colombia","6.35"
2015,"Saudi Arabia","6.345"
2015,"Saudi Arabia","6.345"
2017,"El Salvador","6.339"
2017,"El Salvador","6.339"
2020,"Costa Rica","6.338"
2020,"Costa Rica","6.338"
2022,"Spain","6.337"
2022,"Spain","6.337"
2017,"Uruguay","6.336"
2017,"Uruguay","6.336"
2012,"Czechia","6.334"
2012,"Czechia","6.334"
2017,"Brazil","6.333"
2017,"Brazil","6.333"
2011,"Czechia","6.331"
2011,"Czechia","6.331"
2013,"El Salvador","6.325"
2017,"Guatemala","6.325"
2013,"El Salvador","6.325"
2017,"Guatemala","6.325"
2015,"Malaysia","6.322"
2015,"Malaysia","6.322"
2017,"Chile","6.32"
2017,"Chile","6.32"
2016,"Spain","6.319"
2016,"Spain","6.319"
2020,"Uruguay","6.31"
2020,"Uruguay","6.31"
2019,"Jamaica","6.309"
2018,"Lithuania","6.309"
2018,"Lithuania","6.309"
2019,"Jamaica","6.309"
2010,"Saudi Arabia","6.307"
2010,"Saudi Arabia","6.307"
2012,"Thailand","6.3"
2012,"Thailand","6.3"
2022,"Malta","6.299"
2022,"Malta","6.299"
2020,"Kosovo","6.294"
2020,"Kosovo","6.294"
2017,"Saudi Arabia","6.294"
2017,"Saudi Arabia","6.294"
2012,"Spain","6.291"
2012,"Spain","6.291"
2010,"Guatemala","6.29"
2010,"Guatemala","6.29"
2021,"Croatia","6.287"
2020,"Nicaragua","6.287"
2020,"Nicaragua","6.287"
2021,"Croatia","6.287"
2018,"Panama","6.281"
2018,"Panama","6.281"
2014,"Saudi Arabia","6.278"
2014,"Saudi Arabia","6.278"
2018,"Cyprus","6.276"
2018,"Cyprus","6.276"
2014,"Nicaragua","6.275"
2014,"Nicaragua","6.275"
2017,"Lithuania","6.273"
2017,"Lithuania","6.273"
2019,"Kazakhstan","6.272"
2019,"Kazakhstan","6.272"
2012,"Suriname","6.269"
2021,"Cyprus","6.269"
2012,"Suriname","6.269"
2021,"Cyprus","6.269"
2019,"Philippines","6.268"
2019,"Philippines","6.268"
2022,"Vietnam","6.267"
2022,"Vietnam","6.267"
2011,"Japan","6.263"
2011,"Japan","6.263"
2019,"Guatemala","6.262"
2019,"Guatemala","6.262"
2022,"Argentina","6.261"
2022,"Argentina","6.261"
2021,"Kazakhstan","6.26"
2021,"Kazakhstan","6.26"
2020,"Cyprus","6.26"
2020,"Cyprus","6.26"
2022,"Italy","6.258"
2022,"Italy","6.258"
2022,"Brazil","6.257"
2022,"Brazil","6.257"
2020,"Kyrgyzstan","6.25"
2020,"Kyrgyzstan","6.25"
2010,"Czechia","6.25"
2010,"Czechia","6.25"
2018,"Slovenia","6.249"
2018,"Slovenia","6.249"
2021,"Serbia","6.245"
2021,"Serbia","6.245"
2019,"Slovakia","6.243"
2019,"Slovakia","6.243"
2019,"Poland","6.242"
2019,"Poland","6.242"
2019,"Mauritius","6.241"
2019,"Serbia","6.241"
2018,"El Salvador","6.241"
2018,"El Salvador","6.241"
2019,"Mauritius","6.241"
2019,"Serbia","6.241"
2015,"Mexico","6.236"
2015,"Mexico","6.236"
2018,"Slovakia","6.235"
2018,"Slovakia","6.235"
2016,"Colombia","6.234"
2016,"Colombia","6.234"
2013,"Thailand","6.231"
2013,"Thailand","6.231"
2017,"Spain","6.23"
2017,"Spain","6.23"
2020,"Latvia","6.229"
2020,"Latvia","6.229"
2021,"Hungary","6.227"
2017,"Bahrain","6.227"
2021,"Hungary","6.227"
2017,"Bahrain","6.227"
2012,"Kuwait","6.221"
2012,"Kuwait","6.221"
2010,"Thailand","6.217"
2010,"Thailand","6.217"
2018,"Uzbekistan","6.205"
2018,"Uzbekistan","6.205"
2015,"Thailand","6.202"
2015,"Thailand","6.202"
2017,"Poland","6.201"
2017,"Poland","6.201"
2017,"Italy","6.199"
2017,"Italy","6.199"
2017,"Trinidad and Tobago","6.192"
2017,"Trinidad and Tobago","6.192"
2018,"Brazil","6.191"
2018,"Brazil","6.191"
2010,"Spain","6.188"
2010,"Spain","6.188"
2021,"Uzbekistan","6.185"
2021,"Uzbekistan","6.185"
2021,"Portugal","6.183"
2021,"Portugal","6.183"
2012,"Cyprus","6.181"
2012,"Cyprus","6.181"
2014,"Kuwait","6.18"
2014,"Kuwait","6.18"
2022,"Japan","6.178"
2022,"Japan","6.178"
2017,"Mauritius","6.174"
2017,"Mauritius","6.174"
2020,"Bahrain","6.173"
2020,"Bahrain","6.173"
2016,"Uruguay","6.171"
2016,"Uruguay","6.171"
2016,"Bahrain","6.17"
2016,"Bahrain","6.17"
2013,"Trinidad and Tobago","6.168"
2013,"Trinidad and Tobago","6.168"
2020,"Kazakhstan","6.168"
2020,"Kazakhstan","6.168"
2017,"Slovenia","6.167"
2017,"Slovenia","6.167"
2014,"Bahrain","6.165"
2014,"Bahrain","6.165"
2015,"Slovakia","6.162"
2016,"Poland","6.162"
2016,"Poland","6.162"
2015,"Slovakia","6.162"
2022,"Kosovo","6.16"
2022,"Kosovo","6.16"
2017,"Colombia","6.157"
2017,"Colombia","6.157"
2020,"Malta","6.157"
2020,"Malta","6.157"
2011,"Malta","6.155"
2011,"Malta","6.155"
2019,"Uzbekistan","6.154"
2019,"Uzbekistan","6.154"
2020,"Chile","6.151"
2018,"Romania","6.151"
2020,"Chile","6.151"
2018,"Romania","6.151"
2022,"Guatemala","6.15"
2013,"Spain","6.15"
2022,"Guatemala","6.15"
2013,"Spain","6.15"
2017,"Kosovo","6.149"
2017,"Kosovo","6.149"
2015,"Kuwait","6.146"
2015,"Kuwait","6.146"
2016,"El Salvador","6.14"
2016,"El Salvador","6.14"
2020,"Poland","6.139"
2014,"Slovakia","6.139"
2014,"Slovakia","6.139"
2020,"Poland","6.139"
2022,"Paraguay","6.138"
2022,"Paraguay","6.138"
2019,"Cyprus","6.137"
2019,"Cyprus","6.137"
2014,"Venezuela","6.136"
2014,"Venezuela","6.136"
2019,"Romania","6.13"
2019,"Romania","6.13"
2018,"Ecuador","6.128"
2018,"Ecuador","6.128"
2013,"Kosovo","6.126"
2014,"Lithuania","6.126"
2013,"Kosovo","6.126"
2014,"Lithuania","6.126"
2016,"Panama","6.118"
2020,"Japan","6.118"
2020,"Japan","6.118"
2016,"Panama","6.118"
2010,"South Korea","6.116"
2010,"South Korea","6.116"
2016,"Ecuador","6.115"
2016,"Ecuador","6.115"
2021,"Honduras","6.114"
2021,"Honduras","6.114"
2019,"Nicaragua","6.113"
2021,"South Korea","6.113"
2019,"Nicaragua","6.113"
2021,"South Korea","6.113"
2018,"Poland","6.111"
2018,"Poland","6.111"
2020,"Brazil","6.11"
2020,"Brazil","6.11"
2019,"Kuwait","6.106"
2019,"Kuwait","6.106"
2021,"Greece","6.104"
2021,"Greece","6.104"
2021,"Nicaragua","6.095"
2019,"Portugal","6.095"
2021,"Nicaragua","6.095"
2019,"Portugal","6.095"
2017,"Kuwait","6.094"
2017,"Kuwait","6.094"
2018,"Estonia","6.091"
2021,"Japan","6.091"
2018,"Estonia","6.091"
2021,"Japan","6.091"
2017,"Romania","6.09"
2017,"Romania","6.09"
2019,"Panama","6.086"
2019,"Panama","6.086"
2019,"Argentina","6.086"
2019,"Argentina","6.086"
2010,"Slovenia","6.083"
2010,"Slovenia","6.083"
2016,"Thailand","6.074"
2016,"Thailand","6.074"
2017,"Hungary","6.065"
2017,"Hungary","6.065"
2019,"Lithuania","6.064"
2019,"Lithuania","6.064"
2012,"Slovenia","6.063"
2012,"Slovenia","6.063"
2010,"Uruguay","6.062"
2017,"Cyprus","6.062"
2010,"Uruguay","6.062"
2017,"Cyprus","6.062"
2010,"Japan","6.057"
2011,"Italy","6.057"
2010,"Japan","6.057"
2011,"Italy","6.057"
2022,"Latvia","6.055"
2022,"Latvia","6.055"
2010,"Slovakia","6.052"
2010,"Slovakia","6.052"
2014,"Uzbekistan","6.049"
2014,"Uzbekistan","6.049"
2022,"Russia","6.044"
2022,"Russia","6.044"
2020,"Serbia","6.042"
2020,"Serbia","6.042"
2017,"Argentina","6.039"
2017,"Argentina","6.039"
2020,"Hungary","6.038"
2020,"Hungary","6.038"
2014,"Russia","6.037"
2014,"Russia","6.037"
2011,"Slovenia","6.036"
2011,"Slovenia","6.036"
2019,"Estonia","6.035"
2019,"Estonia","6.035"
2016,"Singapore","6.033"
2016,"Singapore","6.033"
2021,"Dominican Republic","6.031"
2021,"Dominican Republic","6.031"
2012,"Croatia","6.028"
2012,"Croatia","6.028"
2014,"Italy","6.027"
2014,"Italy","6.027"
2019,"Thailand","6.022"
2019,"Thailand","6.022"
2017,"Honduras","6.02"
2017,"Honduras","6.02"
2012,"Bolivia","6.019"
2012,"Uzbekistan","6.019"
2012,"Bolivia","6.019"
2013,"Ecuador","6.019"
2013,"Ecuador","6.019"
2012,"Uzbekistan","6.019"
2015,"El Salvador","6.018"
2015,"El Salvador","6.018"
2015,"Moldova","6.017"
2015,"Moldova","6.017"
2019,"Bosnia and Herzegovina","6.016"
2022,"Uzbekistan","6.016"
2022,"Uzbekistan","6.016"
2019,"Bosnia and Herzegovina","6.016"
2020,"Mauritius","6.015"
2020,"Mauritius","6.015"
2020,"Malaysia","6.014"
2020,"Malaysia","6.014"
2016,"Nicaragua","6.013"
2016,"Nicaragua","6.013"
2018,"Thailand","6.012"
2018,"Thailand","6.012"
2020,"Mongolia","6.011"
2020,"Mongolia","6.011"
2021,"Malaysia","6.01"
2021,"Brazil","6.01"
2021,"Malaysia","6.01"
2021,"Brazil","6.01"
2013,"Italy","6.009"
2013,"Italy","6.009"
2018,"Kazakhstan","6.008"
2018,"Kazakhstan","6.008"
2022,"Thailand","6.007"
2015,"Bahrain","6.007"
2015,"Poland","6.007"
2015,"Bahrain","6.007"
2022,"Thailand","6.007"
2015,"Poland","6.007"
2022,"Kazakhstan","6.006"
2022,"Kazakhstan","6.006"
2019,"Dominican Republic","6.004"
2019,"Dominican Republic","6.004"
2012,"South Korea","6.003"
2012,"South Korea","6.003"
2019,"Hungary","6"
2019,"Hungary","6"
2019,"Peru","5.999"
2019,"Peru","5.999"
2012,"Moldova","5.996"
2015,"Russia","5.996"
2012,"Moldova","5.996"
2015,"Russia","5.996"
2016,"Slovakia","5.993"
2016,"Slovakia","5.993"
2021,"Mexico","5.991"
2021,"Mexico","5.991"
2013,"Guatemala","5.985"
2013,"Guatemala","5.985"
2018,"Colombia","5.984"
2018,"Colombia","5.984"
2020,"Nepal","5.982"
2020,"Nepal","5.982"
2022,"Panama","5.979"
2022,"Panama","5.979"
2021,"Poland","5.978"
2017,"Latvia","5.978"
2021,"Poland","5.978"
2017,"Latvia","5.978"
2013,"Slovenia","5.975"
2013,"Slovenia","5.975"
2015,"Uzbekistan","5.972"
2015,"Uzbekistan","5.972"
2016,"South Korea","5.971"
2016,"South Korea","5.971"
2019,"Latvia","5.97"
2014,"Kazakhstan","5.97"
2014,"Kazakhstan","5.97"
2019,"Latvia","5.97"
2016,"Romania","5.969"
2016,"Romania","5.969"
2012,"Japan","5.968"
2012,"Japan","5.968"
2021,"Philippines","5.965"
2021,"Philippines","5.965"
2020,"Mexico","5.964"
2015,"Ecuador","5.964"
2015,"Ecuador","5.964"
2020,"Mexico","5.964"
2014,"Malaysia","5.963"
2014,"Malaysia","5.963"
2012,"Malta","5.963"
2012,"Malta","5.963"
2012,"Ecuador","5.961"
2012,"Ecuador","5.961"
2021,"Moldova","5.959"
2013,"South Korea","5.959"
2013,"South Korea","5.959"
2013,"Japan","5.959"
2021,"Moldova","5.959"
2013,"Japan","5.959"
2014,"Belize","5.956"
2014,"Belize","5.956"
2016,"Italy","5.955"
2016,"Japan","5.955"
2016,"Japan","5.955"
2016,"Italy","5.955"
2022,"Portugal","5.953"
2022,"Portugal","5.953"
2019,"Greece","5.952"
2019,"Greece","5.952"
2015,"Kazakhstan","5.95"
2022,"South Korea","5.95"
2015,"Kazakhstan","5.95"
2022,"South Korea","5.95"
2022,"Venezuela","5.949"
2021,"Mauritius","5.949"
2021,"Mauritius","5.949"
2022,"Venezuela","5.949"
2016,"Kuwait","5.947"
2016,"Kuwait","5.947"
2014,"Ecuador","5.946"
2014,"Ecuador","5.946"
2011,"Slovakia","5.945"
2011,"Slovakia","5.945"
2019,"Chile","5.942"
2019,"Chile","5.942"
2013,"Uzbekistan","5.94"
2016,"Latvia","5.94"
2016,"Latvia","5.94"
2013,"Uzbekistan","5.94"
2017,"Thailand","5.939"
2017,"Thailand","5.939"
2017,"Estonia","5.938"
2017,"Estonia","5.938"
2016,"Slovenia","5.937"
2016,"Slovenia","5.937"
2013,"Slovakia","5.937"
2013,"Slovakia","5.937"
2010,"Bahrain","5.937"
2010,"Bahrain","5.937"
2013,"Paraguay","5.936"
2018,"Serbia","5.936"
2013,"Paraguay","5.936"
2018,"Hungary","5.936"
2018,"Hungary","5.936"
2018,"Serbia","5.936"
2012,"El Salvador","5.934"
2012,"El Salvador","5.934"
2022,"Honduras","5.932"
2022,"Honduras","5.932"
2019,"Honduras","5.93"
2019,"Honduras","5.93"
2022,"Bolivia","5.929"
2022,"Bolivia","5.929"
2015,"Nicaragua","5.924"
2015,"Nicaragua","5.924"
2014,"Japan","5.923"
2014,"Japan","5.923"
2018,"Portugal","5.92"
2018,"Portugal","5.92"
2014,"Moldova","5.917"
2014,"Moldova","5.917"
2018,"Bolivia","5.916"
2018,"Bolivia","5.916"
2012,"Malaysia","5.914"
2012,"Malaysia","5.914"
2017,"Japan","5.911"
2012,"Slovakia","5.911"
2012,"Slovakia","5.911"
2017,"Japan","5.911"
2018,"Honduras","5.908"
2021,"Argentina","5.908"
2019,"Japan","5.908"
2019,"Japan","5.908"
2018,"Honduras","5.908"
2021,"Argentina","5.908"
2019,"South Korea","5.903"
2019,"South Korea","5.903"
2020,"Argentina","5.901"
2018,"Latvia","5.901"
2020,"Argentina","5.901"
2018,"Latvia","5.901"
2022,"Greece","5.9"
2022,"Greece","5.9"
2016,"Uzbekistan","5.893"
2016,"Uzbekistan","5.893"
2011,"Peru","5.892"
2011,"Peru","5.892"
2022,"Colombia","5.892"
2022,"Peru","5.892"
2022,"Peru","5.892"
2022,"Colombia","5.892"
2017,"Jamaica","5.89"
2017,"Jamaica","5.89"
2018,"Bosnia and Herzegovina","5.887"
2018,"Bosnia and Herzegovina","5.887"
2022,"Ecuador","5.887"
2010,"Poland","5.887"
2022,"Ecuador","5.887"
2010,"Poland","5.887"
2013,"Croatia","5.885"
2020,"Thailand","5.885"
2013,"Croatia","5.885"
2020,"Thailand","5.885"
2017,"Kazakhstan","5.882"
2018,"Mauritius","5.882"
2018,"Mauritius","5.882"
2017,"Kazakhstan","5.882"
2015,"Latvia","5.881"
2015,"Latvia","5.881"
2015,"Japan","5.88"
2015,"Japan","5.88"
2013,"Belarus","5.876"
2013,"Belarus","5.876"
2012,"Poland","5.876"
2012,"Poland","5.876"
2017,"South Korea","5.874"
2017,"South Korea","5.874"
2022,"Jamaica","5.87"
2022,"Jamaica","5.87"
2018,"Philippines","5.869"
2018,"Philippines","5.869"
2011,"Albania","5.867"
2011,"Albania","5.867"
2010,"Honduras","5.866"
2016,"Lithuania","5.866"
2010,"Honduras","5.866"
2014,"Peru","5.866"
2016,"Lithuania","5.866"
2014,"Peru","5.866"
2014,"Bolivia","5.865"
2022,"Cyprus","5.865"
2022,"Cyprus","5.865"
2014,"Bolivia","5.865"
2021,"China","5.863"
2021,"China","5.863"
2022,"Hungary","5.861"
2022,"Hungary","5.861"
2014,"El Salvador","5.857"
2014,"El Salvador","5.857"
2012,"Guatemala","5.856"
2012,"Guatemala","5.856"
2016,"Russia","5.855"
2016,"Russia","5.855"
2015,"Italy","5.848"
2015,"Italy","5.848"
2020,"Uzbekistan","5.842"
2020,"Uzbekistan","5.842"
2010,"Paraguay","5.841"
2010,"Paraguay","5.841"
2018,"South Korea","5.84"
2017,"Ecuador","5.84"
2017,"Ecuador","5.84"
2010,"Greece","5.84"
2010,"Greece","5.84"
2018,"South Korea","5.84"
2012,"Italy","5.839"
2012,"Italy","5.839"
2010,"Ecuador","5.838"
2010,"Ecuador","5.838"
2013,"Kazakhstan","5.835"
2013,"Kazakhstan","5.835"
2015,"Bolivia","5.834"
2015,"Bolivia","5.834"
2017,"Pakistan","5.831"
2017,"Pakistan","5.831"
2017,"Tajikistan","5.829"
2017,"Tajikistan","5.829"
2012,"Peru","5.825"
2012,"Peru","5.825"
2019,"Belarus","5.821"
2019,"Belarus","5.821"
2012,"Paraguay","5.82"
2018,"Benin","5.82"
2018,"Benin","5.82"
2012,"Paraguay","5.82"
2018,"Nicaragua","5.819"
2018,"Nicaragua","5.819"
2021,"Jamaica","5.814"
2021,"Jamaica","5.814"
2014,"Belarus","5.812"
2020,"Moldova","5.812"
2020,"Moldova","5.812"
2014,"Belarus","5.812"
2019,"Ecuador","5.809"
2019,"Ecuador","5.809"
2022,"Congo (Brazzaville)","5.805"
2022,"Congo (Brazzaville)","5.805"
2019,"Moldova","5.803"
2019,"Moldova","5.803"
2014,"South Korea","5.801"
2016,"Paraguay","5.801"
2016,"Paraguay","5.801"
2014,"South Korea","5.801"
2011,"Ecuador","5.795"
2016,"Cyprus","5.795"
2016,"Cyprus","5.795"
2011,"Ecuador","5.795"
2018,"Japan","5.794"
2018,"Japan","5.794"
2020,"South Korea","5.793"
2018,"Argentina","5.793"
2018,"Argentina","5.793"
2020,"South Korea","5.793"
2011,"Moldova","5.792"
2011,"Moldova","5.792"
2022,"Mongolia","5.788"
2022,"Mongolia","5.788"
2020,"Greece","5.788"
2020,"Greece","5.788"
2010,"Pakistan","5.786"
2011,"Malaysia","5.786"
2011,"Malaysia","5.786"
2010,"Pakistan","5.786"
2013,"Peru","5.783"
2013,"Peru","5.783"
2010,"Bolivia","5.781"
2010,"Bolivia","5.781"
2015,"South Korea","5.78"
2015,"South Korea","5.78"
2011,"Bolivia","5.779"
2011,"Bolivia","5.779"
2015,"Romania","5.777"
2015,"Romania","5.777"
2010,"Malta","5.774"
2010,"Malta","5.774"
2013,"Nicaragua","5.772"
2013,"Nicaragua","5.772"
2012,"Lithuania","5.771"
2012,"Lithuania","5.771"
2020,"China","5.771"
2020,"China","5.771"
2013,"Malaysia","5.77"
2016,"Bolivia","5.77"
2013,"Malaysia","5.77"
2016,"Bolivia","5.77"
2020,"Portugal","5.768"
2020,"Portugal","5.768"
2013,"Bolivia","5.767"
2013,"Bolivia","5.767"
2011,"Vietnam","5.767"
2011,"Vietnam","5.767"
2016,"Kosovo","5.759"
2012,"Kazakhstan","5.759"
2016,"Kosovo","5.759"
2012,"Kazakhstan","5.759"
2013,"Moldova","5.756"
2013,"Moldova","5.756"
2012,"Libya","5.754"
2012,"Libya","5.754"
2016,"Serbia","5.753"
2016,"Serbia","5.753"
2014,"Poland","5.75"
2014,"Poland","5.75"
2012,"Belarus","5.749"
2021,"Bosnia and Herzegovina","5.749"
2021,"Bosnia and Herzegovina","5.749"
2012,"Belarus","5.749"
2013,"Poland","5.746"
2013,"Poland","5.746"
2011,"Guatemala","5.743"
2011,"Guatemala","5.743"
2015,"Slovenia","5.741"
2022,"Mauritius","5.741"
2015,"Slovenia","5.741"
2022,"Mauritius","5.741"
2011,"Uzbekistan","5.739"
2011,"Uzbekistan","5.739"
2011,"Kazakhstan","5.736"
2011,"Kazakhstan","5.736"
2014,"Latvia","5.729"
2014,"Latvia","5.729"
2014,"Romania","5.727"
2014,"Romania","5.727"
2020,"Montenegro","5.722"
2020,"Montenegro","5.722"
2021,"Mongolia","5.721"
2021,"Mongolia","5.721"
2015,"Belarus","5.719"
2015,"Belarus","5.719"
2017,"Paraguay","5.713"
2017,"Paraguay","5.713"
2017,"Peru","5.711"
2017,"Portugal","5.711"
2017,"Portugal","5.711"
2015,"Lithuania","5.711"
2017,"Peru","5.711"
2015,"Lithuania","5.711"
2020,"Colombia","5.709"
2013,"Jamaica","5.709"
2020,"Colombia","5.709"
2013,"Jamaica","5.709"
2016,"Peru","5.701"
2016,"Peru","5.701"
2021,"Peru","5.694"
2021,"Peru","5.694"
2022,"Moldova","5.687"
2010,"Nicaragua","5.687"
2022,"Moldova","5.687"
2010,"Nicaragua","5.687"
2019,"Kyrgyzstan","5.685"
2019,"Kyrgyzstan","5.685"
2018,"Moldova","5.682"
2018,"Moldova","5.682"
2018,"Peru","5.68"
2018,"Peru","5.68"
2014,"Slovenia","5.678"
2014,"Slovenia","5.678"
2011,"Paraguay","5.677"
2011,"Paraguay","5.677"
2019,"Bolivia","5.674"
2019,"Bolivia","5.674"
2022,"Kyrgyzstan","5.668"
2022,"Kyrgyzstan","5.668"
2019,"Hong Kong S.A.R. of China","5.659"
2019,"Hong Kong S.A.R. of China","5.659"
2019,"Paraguay","5.653"
2019,"Paraguay","5.653"
2017,"Bolivia","5.651"
2017,"Bolivia","5.651"
2018,"Montenegro","5.65"
2016,"Estonia","5.65"
2016,"Estonia","5.65"
2018,"Montenegro","5.65"
2016,"Honduras","5.648"
2016,"Honduras","5.648"
2014,"Mauritius","5.648"
2014,"Mauritius","5.648"
2017,"Libya","5.647"
2017,"Libya","5.647"
2011,"Poland","5.646"
2011,"Poland","5.646"
2010,"Hong Kong S.A.R. of China","5.643"
2010,"Hong Kong S.A.R. of China","5.643"
2012,"Kosovo","5.64"
2012,"Kosovo","5.64"
2021,"Thailand","5.638"
2021,"Thailand","5.638"
2017,"Kyrgyzstan","5.63"
2017,"Kyrgyzstan","5.63"
2015,"Estonia","5.629"
2015,"Estonia","5.629"
2014,"Cyprus","5.627"
2014,"Cyprus","5.627"
2019,"Croatia","5.626"
2019,"Croatia","5.626"
2015,"Greece","5.623"
2015,"Greece","5.623"
2012,"Russia","5.621"
2012,"Russia","5.621"
2017,"Montenegro","5.615"
2015,"Libya","5.615"
2017,"Montenegro","5.615"
2015,"Libya","5.615"
2010,"Peru","5.613"
2010,"Peru","5.613"
2016,"Mauritius","5.61"
2016,"Mauritius","5.61"
2011,"Ghana","5.608"
2011,"Ghana","5.608"
2017,"Turkiye","5.607"
2017,"Turkiye","5.607"
2012,"Algeria","5.605"
2012,"Algeria","5.605"
2017,"Dominican Republic","5.605"
2017,"Dominican Republic","5.605"
2021,"South Africa","5.599"
2021,"South Africa","5.599"
2020,"Bulgaria","5.598"
2020,"Bulgaria","5.598"
2014,"Indonesia","5.597"
2014,"Indonesia","5.597"
2013,"Lithuania","5.596"
2010,"Croatia","5.596"
2013,"Lithuania","5.596"
2010,"Croatia","5.596"
2017,"Philippines","5.594"
2017,"Philippines","5.594"
2010,"Moldova","5.59"
2010,"Moldova","5.59"
2011,"Angola","5.589"
2011,"Angola","5.589"
2022,"Indonesia","5.585"
2022,"Indonesia","5.585"
2010,"Malaysia","5.58"
2010,"Malaysia","5.58"
2014,"Turkiye","5.58"
2014,"Turkiye","5.58"
2022,"Croatia","5.579"
2017,"Russia","5.579"
2017,"Russia","5.579"
2022,"Croatia","5.579"
2016,"Moldova","5.578"
2016,"Moldova","5.578"
2015,"Peru","5.577"
2015,"Peru","5.577"
2021,"Paraguay","5.576"
2021,"Paraguay","5.576"
2010,"Jordan","5.57"
2010,"Jordan","5.57"
2015,"Venezuela","5.569"
2015,"Venezuela","5.569"
2013,"Bhutan","5.569"
2013,"Bhutan","5.569"
2021,"Bolivia","5.569"
2021,"Bolivia","5.569"
2021,"Kyrgyzstan","5.564"
2021,"Kyrgyzstan","5.564"
2019,"Mongolia","5.563"
2019,"Mongolia","5.563"
2015,"Paraguay","5.56"
2015,"Paraguay","5.56"
2020,"Bolivia","5.559"
2020,"Bolivia","5.559"
2014,"Estonia","5.556"
2014,"Estonia","5.556"
2017,"Belarus","5.553"
2017,"Belarus","5.553"
2016,"Pakistan","5.549"
2016,"Pakistan","5.549"
2015,"Philippines","5.547"
2015,"Philippines","5.547"
2021,"Vietnam","5.54"
2021,"Vietnam","5.54"
2011,"Jordan","5.539"
2011,"Jordan","5.539"
2013,"Russia","5.537"
2013,"Russia","5.537"
2018,"Croatia","5.536"
2018,"Croatia","5.536"
2012,"Vietnam","5.535"
2021,"North Macedonia","5.535"
2021,"North Macedonia","5.535"
2012,"Vietnam","5.535"
2016,"Kazakhstan","5.534"
2016,"Kazakhstan","5.534"
2014,"Somalia","5.528"
2014,"Somalia","5.528"
2010,"Belarus","5.526"
2010,"Belarus","5.526"
2022,"Dominican Republic","5.518"
2022,"Dominican Republic","5.518"
2020,"Bosnia and Herzegovina","5.516"
2020,"Bosnia and Herzegovina","5.516"
2010,"Kazakhstan","5.514"
2018,"Russia","5.514"
2018,"Russia","5.514"
2010,"Kazakhstan","5.514"
2015,"Turkiye","5.514"
2015,"Turkiye","5.514"
2012,"Albania","5.51"
2012,"Albania","5.51"
2020,"Nigeria","5.503"
2020,"Nigeria","5.503"
2020,"Paraguay","5.501"
2020,"Paraguay","5.501"
2016,"Hong Kong S.A.R. of China","5.498"
2016,"Hong Kong S.A.R. of China","5.498"
2018,"Tajikistan","5.497"
2018,"Tajikistan","5.497"
2020,"Russia","5.495"
2020,"Russia","5.495"
2018,"Libya","5.494"
2018,"Libya","5.494"
2012,"Nigeria","5.493"
2012,"Nigeria","5.493"
2010,"Turkiye","5.49"
2018,"Congo (Brazzaville)","5.49"
2018,"Congo (Brazzaville)","5.49"
2010,"Turkiye","5.49"
2019,"Senegal","5.489"
2019,"Senegal","5.489"
2019,"Armenia","5.488"
2019,"Armenia","5.488"
2011,"Estonia","5.487"
2011,"Estonia","5.487"
2012,"Hong Kong S.A.R. of China","5.484"
2012,"Hong Kong S.A.R. of China","5.484"
2017,"Ghana","5.481"
2017,"Ghana","5.481"
2013,"Azerbaijan","5.481"
2013,"Azerbaijan","5.481"
2011,"Mauritius","5.477"
2011,"Mauritius","5.477"
2022,"Nepal","5.474"
2022,"Nepal","5.474"
2011,"Hong Kong S.A.R. of China","5.474"
2011,"Hong Kong S.A.R. of China","5.474"
2018,"Pakistan","5.472"
2018,"Pakistan","5.472"
2019,"Vietnam","5.467"
2019,"Vietnam","5.467"
2018,"Mongolia","5.465"
2018,"Mongolia","5.465"
2010,"Algeria","5.464"
2019,"Tajikistan","5.464"
2010,"Algeria","5.464"
2019,"Tajikistan","5.464"
2020,"Vietnam","5.462"
2020,"Vietnam","5.462"
2020,"El Salvador","5.462"
2020,"El Salvador","5.462"
2014,"Hong Kong S.A.R. of China","5.458"
2014,"Hong Kong S.A.R. of China","5.458"
2010,"Indonesia","5.457"
2010,"Indonesia","5.457"
2010,"Montenegro","5.455"
2010,"Montenegro","5.455"
2019,"Nepal","5.449"
2016,"Hungary","5.449"
2019,"Nepal","5.449"
2016,"Hungary","5.449"
2012,"Nicaragua","5.448"
2012,"Nicaragua","5.448"
2021,"Russia","5.448"
2021,"Russia","5.448"
2016,"Portugal","5.447"
2016,"Portugal","5.447"
2019,"Russia","5.441"
2019,"Russia","5.441"
2013,"Cyprus","5.439"
2013,"Cyprus","5.439"
2015,"Cyprus","5.439"
2015,"Cyprus","5.439"
2020,"Algeria","5.438"
2020,"Algeria","5.438"
2014,"Pakistan","5.436"
2014,"Pakistan","5.436"
2021,"Ecuador","5.435"
2021,"Ecuador","5.435"
2016,"Libya","5.434"
2016,"Libya","5.434"
2021,"Indonesia","5.433"
2018,"Dominican Republic","5.433"
2018,"Dominican Republic","5.433"
2021,"Indonesia","5.433"
2011,"Lithuania","5.432"
2011,"Lithuania","5.432"
2016,"Philippines","5.431"
2016,"Philippines","5.431"
2019,"Malaysia","5.428"
2019,"Malaysia","5.428"
2020,"Jamaica","5.425"
2020,"Jamaica","5.425"
2021,"Bulgaria","5.422"
2021,"Bulgaria","5.422"
2016,"Croatia","5.417"
2016,"Croatia","5.417"
2018,"Greece","5.409"
2018,"Greece","5.409"
2015,"Jordan","5.405"
2015,"Jordan","5.405"
2013,"Kyrgyzstan","5.402"
2013,"Kyrgyzstan","5.402"
2011,"Dominican Republic","5.397"
2011,"Dominican Republic","5.397"
2011,"Russia","5.389"
2011,"Russia","5.389"
2014,"Dominican Republic","5.387"
2014,"Dominican Republic","5.387"
2019,"Montenegro","5.386"
2016,"Morocco","5.386"
2019,"Montenegro","5.386"
2016,"Morocco","5.386"
2011,"Nicaragua","5.386"
2011,"Nicaragua","5.386"
2010,"Russia","5.385"
2011,"Croatia","5.385"
2011,"Croatia","5.385"
2010,"Russia","5.385"
2022,"Armenia","5.382"
2022,"Armenia","5.382"
2014,"Croatia","5.381"
2014,"Croatia","5.381"
2022,"Bulgaria","5.378"
2022,"Bulgaria","5.378"
2011,"Jamaica","5.374"
2011,"Jamaica","5.374"
2020,"Tajikistan","5.373"
2020,"Tajikistan","5.373"
2011,"Greece","5.372"
2011,"Greece","5.372"
2012,"Indonesia","5.368"
2012,"Indonesia","5.368"
2013,"Estonia","5.367"
2013,"Estonia","5.367"
2020,"Albania","5.365"
2020,"Albania","5.365"
2012,"Estonia","5.364"
2012,"Estonia","5.364"
2017,"Hong Kong S.A.R. of China","5.362"
2017,"Hong Kong S.A.R. of China","5.362"
2020,"Ecuador","5.354"
2020,"Ecuador","5.354"
2015,"Somalia","5.354"
2015,"Somalia","5.354"
2019,"Indonesia","5.347"
2019,"Indonesia","5.347"
2016,"North Macedonia","5.346"
2016,"North Macedonia","5.346"
2015,"Hungary","5.344"
2015,"Hungary","5.344"
2017,"Croatia","5.343"
2017,"Croatia","5.343"
2016,"Algeria","5.341"
2016,"Algeria","5.341"
2018,"Indonesia","5.34"
2018,"Indonesia","5.34"
2018,"Malaysia","5.339"
2018,"Malaysia","5.339"
2017,"Mongolia","5.334"
2017,"Mongolia","5.334"
2014,"Jordan","5.333"
2014,"Jordan","5.333"
2019,"Libya","5.33"
2019,"Libya","5.33"
2016,"Turkiye","5.326"
2021,"Morocco","5.326"
2017,"Moldova","5.326"
2016,"Turkiye","5.326"
2021,"Morocco","5.326"
2017,"Moldova","5.326"
2016,"China","5.325"
2016,"China","5.325"
2021,"Hong Kong S.A.R. of China","5.322"
2017,"Nigeria","5.322"
2021,"Hong Kong S.A.R. of China","5.322"
2017,"Nigeria","5.322"
2020,"Ghana","5.319"
2020,"Ghana","5.319"
2015,"Serbia","5.318"
2015,"Serbia","5.318"
2011,"Algeria","5.317"
2022,"Guinea","5.317"
2022,"Guinea","5.317"
2011,"Algeria","5.317"
2014,"Philippines","5.313"
2014,"Philippines","5.313"
2017,"Morocco","5.312"
2017,"Morocco","5.312"
2014,"Jamaica","5.311"
2014,"Jamaica","5.311"
2021,"Ukraine","5.311"
2021,"Ukraine","5.311"
2012,"Turkiye","5.309"
2012,"Turkiye","5.309"
2016,"Azerbaijan","5.304"
2015,"China","5.304"
2016,"Azerbaijan","5.304"
2016,"Montenegro","5.304"
2015,"China","5.304"
2016,"Montenegro","5.304"
2016,"Greece","5.303"
2016,"Greece","5.303"
2021,"Armenia","5.301"
2021,"Armenia","5.301"
2018,"Kyrgyzstan","5.297"
2018,"Kyrgyzstan","5.297"
2010,"Vietnam","5.296"
2018,"Vietnam","5.296"
2018,"Vietnam","5.296"
2010,"Vietnam","5.296"
2020,"Hong Kong S.A.R. of China","5.295"
2020,"Hong Kong S.A.R. of China","5.295"
2022,"Georgia","5.293"
2022,"Georgia","5.293"
2013,"Indonesia","5.292"
2013,"Indonesia","5.292"
2021,"Colombia","5.29"
2021,"Colombia","5.29"
2021,"Tajikistan","5.287"
2021,"Tajikistan","5.287"
2020,"Laos","5.284"
2020,"Laos","5.284"
2014,"Montenegro","5.283"
2014,"Montenegro","5.283"
2020,"Bangladesh","5.28"
2020,"Bangladesh","5.28"
2011,"Turkiye","5.272"
2011,"Turkiye","5.272"
2016,"Jordan","5.271"
2016,"Jordan","5.271"
2016,"Lebanon","5.271"
2016,"Lebanon","5.271"
2020,"Ukraine","5.27"
2020,"Ukraine","5.27"
2010,"Albania","5.269"
2010,"Albania","5.269"
2011,"Pakistan","5.267"
2011,"Pakistan","5.267"
2021,"Albania","5.255"
2021,"Albania","5.255"
2018,"Guinea","5.252"
2014,"Azerbaijan","5.252"
2018,"Nigeria","5.252"
2014,"Azerbaijan","5.252"
2014,"Kyrgyzstan","5.252"
2018,"Nigeria","5.252"
2014,"Kyrgyzstan","5.252"
2018,"Guinea","5.252"
2018,"Cameroon","5.251"
2018,"Cameroon","5.251"
2017,"Algeria","5.249"
2017,"Algeria","5.249"
2014,"Bosnia and Herzegovina","5.249"
2014,"Bosnia and Herzegovina","5.249"
2013,"Tunisia","5.246"
2013,"Tunisia","5.246"
2013,"Zambia","5.244"
2013,"Zambia","5.244"
2020,"Cameroon","5.241"
2013,"China","5.241"
2013,"China","5.241"
2020,"Cameroon","5.241"
2018,"North Macedonia","5.24"
2018,"North Macedonia","5.24"
2016,"Dominican Republic","5.239"
2016,"Dominican Republic","5.239"
2018,"Belarus","5.234"
2017,"North Macedonia","5.234"
2018,"Belarus","5.234"
2017,"North Macedonia","5.234"
2014,"Lebanon","5.233"
2014,"Lebanon","5.233"
2011,"Belarus","5.225"
2011,"Belarus","5.225"
2011,"Montenegro","5.223"
2011,"Montenegro","5.223"
2011,"Portugal","5.22"
2016,"Nigeria","5.22"
2011,"Portugal","5.22"
2016,"Nigeria","5.22"
2012,"Montenegro","5.219"
2012,"Montenegro","5.219"
2021,"Algeria","5.217"
2021,"Algeria","5.217"
2019,"Congo (Brazzaville)","5.213"
2019,"Congo (Brazzaville)","5.213"
2022,"Albania","5.212"
2022,"Albania","5.212"
2012,"Kyrgyzstan","5.208"
2012,"Kyrgyzstan","5.208"
2015,"Croatia","5.205"
2015,"Croatia","5.205"
2014,"North Macedonia","5.204"
2014,"North Macedonia","5.204"
2018,"Maldives","5.198"
2018,"Maldives","5.198"
2019,"Laos","5.197"
2019,"Laos","5.197"
2014,"China","5.196"
2014,"China","5.196"
2011,"Lebanon","5.188"
2011,"Lebanon","5.188"
2013,"North Macedonia","5.186"
2018,"Turkiye","5.186"
2018,"Turkiye","5.186"
2013,"North Macedonia","5.186"
2014,"Hungary","5.181"
2016,"Bosnia and Herzegovina","5.181"
2014,"Hungary","5.181"
2016,"Bosnia and Herzegovina","5.181"
2016,"Belarus","5.178"
2021,"Mozambique","5.178"
2021,"Mozambique","5.178"
2016,"Belarus","5.178"
2010,"Kosovo","5.177"
2010,"Kosovo","5.177"
2017,"Vietnam","5.175"
2017,"Vietnam","5.175"
2019,"Azerbaijan","5.173"
2011,"Indonesia","5.173"
2011,"Indonesia","5.173"
2019,"Azerbaijan","5.173"
2013,"Jordan","5.172"
2015,"Lebanon","5.172"
2015,"Lebanon","5.172"
2013,"Jordan","5.172"
2020,"Dominican Republic","5.168"
2018,"Azerbaijan","5.168"
2020,"Dominican Republic","5.168"
2018,"Azerbaijan","5.168"
2018,"Lebanon","5.167"
2022,"North Macedonia","5.167"
2012,"Romania","5.167"
2012,"Romania","5.167"
2018,"Lebanon","5.167"
2022,"North Macedonia","5.167"
2019,"Gambia","5.164"
2018,"Niger","5.164"
2019,"Gambia","5.164"
2018,"Niger","5.164"
2015,"Morocco","5.163"
2015,"Morocco","5.163"
2013,"Portugal","5.158"
2013,"Portugal","5.158"
2012,"Serbia","5.155"
2012,"Serbia","5.155"
2017,"Lebanon","5.154"
2017,"Lebanon","5.154"
2017,"Azerbaijan","5.152"
2017,"Azerbaijan","5.152"
2017,"Greece","5.148"
2017,"Greece","5.148"
2015,"Azerbaijan","5.147"
2015,"Azerbaijan","5.147"
2019,"China","5.144"
2019,"China","5.144"
2013,"Morocco","5.142"
2013,"Morocco","5.142"
2013,"Iran","5.14"
2022,"Gabon","5.14"
2013,"Iran","5.14"
2022,"Gabon","5.14"
2013,"Pakistan","5.138"
2013,"Pakistan","5.138"
2016,"Indonesia","5.136"
2016,"Indonesia","5.136"
2012,"South Africa","5.134"
2012,"South Africa","5.134"
2015,"Tunisia","5.132"
2012,"Jordan","5.132"
2012,"Pakistan","5.132"
2015,"Tunisia","5.132"
2012,"Jordan","5.132"
2012,"Pakistan","5.132"
2010,"Tunisia","5.131"
2018,"China","5.131"
2018,"China","5.131"
2010,"Tunisia","5.131"
2014,"Portugal","5.127"
2014,"Portugal","5.127"
2012,"Latvia","5.125"
2015,"Montenegro","5.125"
2012,"Latvia","5.125"
2015,"Montenegro","5.125"
2015,"Tajikistan","5.124"
2015,"Tajikistan","5.124"
2013,"Bosnia and Herzegovina","5.124"
2013,"Bosnia and Herzegovina","5.124"
2020,"Georgia","5.123"
2020,"Georgia","5.123"
2017,"Serbia","5.122"
2018,"Cambodia","5.122"
2018,"Cambodia","5.122"
2017,"Serbia","5.122"
2019,"Liberia","5.121"
2019,"Liberia","5.121"
2014,"Paraguay","5.119"
2014,"Paraguay","5.119"
2015,"Bosnia and Herzegovina","5.117"
2015,"Bosnia and Herzegovina","5.117"
2019,"Bangladesh","5.114"
2019,"Bangladesh","5.114"
2014,"Serbia","5.113"
2014,"Serbia","5.113"
2019,"Bulgaria","5.108"
2021,"Venezuela","5.108"
2019,"Bulgaria","5.108"
2021,"Venezuela","5.108"
2016,"Tajikistan","5.104"
2016,"Tajikistan","5.104"
2013,"Serbia","5.102"
2013,"Serbia","5.102"
2016,"Nepal","5.1"
2016,"Nepal","5.1"
2017,"China","5.099"
2018,"Bulgaria","5.099"
2018,"Bulgaria","5.099"
2017,"China","5.099"
2017,"Indonesia","5.098"
2017,"Indonesia","5.098"
2017,"Bulgaria","5.097"
2017,"Bulgaria","5.097"
2012,"Greece","5.096"
2012,"Greece","5.096"
2012,"China","5.095"
2012,"China","5.095"
2010,"Uzbekistan","5.095"
2010,"Portugal","5.095"
2010,"Portugal","5.095"
2010,"Uzbekistan","5.095"
2021,"Iraq","5.094"
2021,"Iraq","5.094"
2017,"Bosnia and Herzegovina","5.09"
2017,"Bosnia and Herzegovina","5.09"
2014,"Vietnam","5.085"
2011,"Morocco","5.085"
2011,"Morocco","5.085"
2014,"Vietnam","5.085"
2011,"Ukraine","5.083"
2011,"Ukraine","5.083"
2013,"Romania","5.082"
2015,"Bhutan","5.082"
2013,"Romania","5.082"
2015,"Bhutan","5.082"
2015,"Portugal","5.081"
2019,"Venezuela","5.081"
2019,"Venezuela","5.081"
2015,"Portugal","5.081"
2020,"Philippines","5.08"
2020,"Philippines","5.08"
2020,"Congo (Brazzaville)","5.079"
2020,"Congo (Brazzaville)","5.079"
2015,"Kosovo","5.077"
2015,"Kosovo","5.077"
2015,"Vietnam","5.076"
2015,"Vietnam","5.076"
2021,"Gabon","5.075"
2021,"Gabon","5.075"
2013,"Montenegro","5.074"
2017,"Cameroon","5.074"
2017,"Cameroon","5.074"
2013,"Montenegro","5.074"
2017,"Venezuela","5.071"
2017,"Venezuela","5.071"
2013,"Latvia","5.07"
2013,"Latvia","5.07"
2010,"Lithuania","5.066"
2010,"Lithuania","5.066"
2010,"Iraq","5.065"
2010,"Iraq","5.065"
2018,"Armenia","5.062"
2016,"Vietnam","5.062"
2015,"Dominican Republic","5.062"
2015,"Dominican Republic","5.062"
2018,"Armenia","5.062"
2016,"Vietnam","5.062"
2010,"Ukraine","5.058"
2010,"Ukraine","5.058"
2016,"Mongolia","5.057"
2012,"Ghana","5.057"
2012,"Ghana","5.057"
2019,"Morocco","5.057"
2016,"Mongolia","5.057"
2019,"Morocco","5.057"
2014,"Honduras","5.056"
2014,"Honduras","5.056"
2020,"North Macedonia","5.054"
2020,"North Macedonia","5.054"
2018,"Algeria","5.043"
2015,"Indonesia","5.043"
2018,"Algeria","5.043"
2015,"Indonesia","5.043"
2015,"Cameroon","5.038"
2015,"Cameroon","5.038"
2011,"China","5.037"
2011,"China","5.037"
2019,"South Africa","5.035"
2019,"South Africa","5.035"
2010,"Lebanon","5.032"
2010,"Lebanon","5.032"
2011,"Mongolia","5.031"
2011,"Mongolia","5.031"
2012,"Ukraine","5.03"
2012,"Ukraine","5.03"
2012,"Bahrain","5.027"
2012,"Bahrain","5.027"
2011,"Romania","5.023"
2013,"Vietnam","5.023"
2011,"Romania","5.023"
2013,"Vietnam","5.023"
2013,"Dominican Republic","5.016"
2013,"Dominican Republic","5.016"
2019,"North Macedonia","5.015"
2019,"North Macedonia","5.015"
2012,"Zambia","5.013"
2012,"Zambia","5.013"
2019,"Iran","5.006"
2010,"Djibouti","5.006"
2018,"Venezuela","5.006"
2018,"Venezuela","5.006"
2019,"Iran","5.006"
2010,"Djibouti","5.006"
2018,"Albania","5.004"
2019,"Niger","5.004"
2019,"Niger","5.004"
2018,"Ghana","5.004"
2018,"Ghana","5.004"
2018,"Albania","5.004"
2012,"Philippines","5.002"
2012,"Philippines","5.002"
2014,"Kosovo","5"
2014,"Kosovo","5"
2011,"Zambia","4.999"
2011,"Zambia","4.999"
2019,"Cambodia","4.998"
2019,"Cambodia","4.998"
2010,"Kyrgyzstan","4.996"
2010,"Kyrgyzstan","4.996"
2011,"Bosnia and Herzegovina","4.995"
2019,"Albania","4.995"
2019,"Albania","4.995"
2011,"Bosnia and Herzegovina","4.995"
2012,"Portugal","4.994"
2011,"Philippines","4.994"
2012,"Portugal","4.994"
2011,"Philippines","4.994"
2020,"Peru","4.994"
2020,"Peru","4.994"
2010,"India","4.989"
2010,"India","4.989"
2019,"Mali","4.988"
2019,"Mali","4.988"
2011,"Bangladesh","4.986"
2011,"Bangladesh","4.986"
2015,"Mongolia","4.983"
2013,"Lebanon","4.983"
2013,"Lebanon","4.983"
2015,"Mongolia","4.983"
2022,"Iran","4.977"
2013,"Philippines","4.977"
2022,"Iran","4.977"
2013,"Philippines","4.977"
2015,"North Macedonia","4.976"
2019,"Benin","4.976"
2015,"North Macedonia","4.976"
2019,"Benin","4.976"
2014,"Nepal","4.975"
2014,"Nepal","4.975"
2020,"Guinea","4.972"
2020,"Guinea","4.972"
2011,"Mozambique","4.971"
2011,"Mozambique","4.971"
2012,"Morocco","4.97"
2012,"Morocco","4.97"
2011,"Latvia","4.967"
2013,"Tajikistan","4.967"
2011,"Latvia","4.967"
2019,"Ghana","4.967"
2019,"Ghana","4.967"
2013,"Tajikistan","4.967"
2013,"Ghana","4.965"
2013,"Ghana","4.965"
2021,"Cameroon","4.963"
2021,"Cameroon","4.963"
2011,"Honduras","4.961"
2011,"Honduras","4.961"
2012,"Zimbabwe","4.955"
2012,"Zimbabwe","4.955"
2022,"Namibia","4.949"
2022,"Namibia","4.949"
2019,"Uganda","4.948"
2019,"Uganda","4.948"
2020,"South Africa","4.947"
2020,"South Africa","4.947"
2021,"Guinea","4.945"
2021,"Guinea","4.945"
2010,"Philippines","4.942"
2010,"Philippines","4.942"
2014,"Bhutan","4.939"
2014,"Bhutan","4.939"
2019,"Cameroon","4.937"
2019,"Cameroon","4.937"
2015,"Nigeria","4.933"
2015,"Nigeria","4.933"
2019,"Mozambique","4.932"
2019,"Mozambique","4.932"
2011,"South Africa","4.931"
2011,"South Africa","4.931"
2018,"Burkina Faso","4.927"
2018,"Burkina Faso","4.927"
2021,"Laos","4.927"
2021,"Laos","4.927"
2018,"Gambia","4.922"
2018,"Gambia","4.922"
2011,"Kyrgyzstan","4.921"
2011,"Kyrgyzstan","4.921"
2021,"Congo (Brazzaville)","4.921"
2021,"Congo (Brazzaville)","4.921"
2011,"Hungary","4.918"
2011,"Hungary","4.918"
2013,"Hungary","4.914"
2019,"Gabon","4.914"
2019,"Gabon","4.914"
2013,"Hungary","4.914"
2013,"Mongolia","4.913"
2013,"Mongolia","4.913"
2012,"Azerbaijan","4.911"
2021,"Georgia","4.911"
2021,"Georgia","4.911"
2012,"Azerbaijan","4.911"
2018,"Nepal","4.91"
2018,"Nepal","4.91"
2010,"Romania","4.909"
2015,"Sierra Leone","4.909"
2010,"Romania","4.909"
2015,"Sierra Leone","4.909"
2022,"State of Palestine","4.908"
2022,"State of Palestine","4.908"
2016,"State of Palestine","4.907"
2022,"Senegal","4.907"
2022,"Senegal","4.907"
2016,"State of Palestine","4.907"
2015,"Kyrgyzstan","4.905"
2015,"Kyrgyzstan","4.905"
2014,"Kenya","4.905"
2014,"Kenya","4.905"
2021,"Senegal","4.903"
2021,"Senegal","4.903"
2011,"Lesotho","4.898"
2011,"North Macedonia","4.898"
2011,"North Macedonia","4.898"
2011,"Lesotho","4.898"
2018,"Morocco","4.897"
2018,"Morocco","4.897"
2014,"Tajikistan","4.896"
2014,"Tajikistan","4.896"
2019,"Georgia","4.892"
2019,"Georgia","4.892"
2013,"Turkiye","4.888"
2013,"Turkiye","4.888"
2015,"South Africa","4.887"
2015,"South Africa","4.887"
2020,"Gabon","4.887"
2020,"Gabon","4.887"
2018,"Iraq","4.886"
2018,"Iraq","4.886"
2012,"Mongolia","4.885"
2014,"Egypt","4.885"
2014,"Egypt","4.885"
2012,"Mongolia","4.885"
2017,"Congo (Brazzaville)","4.884"
2017,"Congo (Brazzaville)","4.884"
2018,"South Africa","4.884"
2018,"South Africa","4.884"
2011,"Tunisia","4.876"
2011,"Tunisia","4.876"
2012,"Laos","4.876"
2012,"Laos","4.876"
2017,"Guinea","4.874"
2017,"Guinea","4.874"
2019,"Turkiye","4.872"
2019,"Turkiye","4.872"
2011,"Eswatini","4.867"
2011,"Eswatini","4.867"
2020,"Iran","4.865"
2015,"Bulgaria","4.865"
2020,"Iran","4.865"
2015,"Bulgaria","4.865"
2020,"Turkiye","4.862"
2020,"Turkiye","4.862"
2011,"Kosovo","4.86"
2011,"Kosovo","4.86"
2018,"Laos","4.859"
2018,"Laos","4.859"
2010,"Bangladesh","4.858"
2010,"Bangladesh","4.858"
2016,"Kyrgyzstan","4.857"
2016,"Kyrgyzstan","4.857"
2017,"Benin","4.853"
2017,"Benin","4.853"
2011,"Zimbabwe","4.846"
2011,"Zimbabwe","4.846"
2015,"Honduras","4.845"
2011,"Haiti","4.845"
2011,"Haiti","4.845"
2015,"Honduras","4.845"
2013,"State of Palestine","4.844"
2013,"State of Palestine","4.844"
2015,"Zambia","4.843"
2015,"Zambia","4.843"
2016,"Bulgaria","4.838"
2020,"Zambia","4.838"
2016,"Bulgaria","4.838"
2020,"Zambia","4.838"
2012,"Botswana","4.836"
2012,"Botswana","4.836"
2018,"Namibia","4.834"
2018,"Namibia","4.834"
2016,"Gabon","4.832"
2016,"Gabon","4.832"
2020,"Indonesia","4.828"
2014,"South Africa","4.828"
2014,"South Africa","4.828"
2020,"Indonesia","4.828"
2011,"Uganda","4.826"
2011,"Uganda","4.826"
2014,"Mongolia","4.825"
2014,"Mongolia","4.825"
2011,"Bahrain","4.824"
2011,"Bahrain","4.824"
2015,"Pakistan","4.823"
2015,"Pakistan","4.823"
2013,"Nigeria","4.818"
2013,"Nigeria","4.818"
2016,"Cameroon","4.816"
2016,"Cameroon","4.816"
2011,"Serbia","4.815"
2011,"Serbia","4.815"
2014,"Albania","4.814"
2014,"Albania","4.814"
2015,"Nepal","4.812"
2015,"Nepal","4.812"
2017,"Jordan","4.808"
2017,"Jordan","4.808"
2020,"Morocco","4.803"
2020,"Morocco","4.803"
2021,"Iran","4.788"
2021,"Iran","4.788"
2014,"Myanmar","4.786"
2014,"Myanmar","4.786"
2011,"Mauritania","4.785"
2011,"Burkina Faso","4.785"
2011,"Burkina Faso","4.785"
2020,"Iraq","4.785"
2020,"Iraq","4.785"
2011,"Mauritania","4.785"
2018,"Gabon","4.783"
2018,"Gabon","4.783"
2017,"Gabon","4.782"
2017,"Gabon","4.782"
2020,"Sri Lanka","4.778"
2020,"Sri Lanka","4.778"
2012,"Bosnia and Herzegovina","4.773"
2012,"Bosnia and Herzegovina","4.773"
2010,"Mauritania","4.772"
2010,"Mauritania","4.772"
2016,"South Africa","4.77"
2016,"South Africa","4.77"
2018,"Senegal","4.769"
2018,"Senegal","4.769"
2019,"Guinea","4.768"
2011,"Iran","4.768"
2011,"Iran","4.768"
2019,"Guinea","4.768"
2014,"Tunisia","4.764"
2014,"Tunisia","4.764"
2015,"Egypt","4.763"
2015,"Egypt","4.763"
2010,"Nigeria","4.76"
2010,"Nigeria","4.76"
2010,"Afghanistan","4.758"
2010,"Afghanistan","4.758"
2020,"Senegal","4.757"
2020,"Senegal","4.757"
2014,"Greece","4.756"
2014,"Greece","4.756"
2012,"Dominican Republic","4.753"
2012,"Dominican Republic","4.753"
2011,"State of Palestine","4.751"
2011,"State of Palestine","4.751"
2015,"Iran","4.75"
2015,"Iran","4.75"
2019,"Algeria","4.745"
2019,"Algeria","4.745"
2017,"Mali","4.742"
2017,"Mali","4.742"
2019,"Burkina Faso","4.741"
2011,"El Salvador","4.741"
2011,"El Salvador","4.741"
2018,"Tunisia","4.741"
2019,"Burkina Faso","4.741"
2018,"Tunisia","4.741"
2022,"Mozambique","4.74"
2022,"Mozambique","4.74"
2017,"Nepal","4.737"
2017,"Nepal","4.737"
2010,"Dominican Republic","4.735"
2010,"Dominican Republic","4.735"
2016,"Sierra Leone","4.733"
2016,"Sierra Leone","4.733"
2020,"Tunisia","4.731"
2020,"Tunisia","4.731"
2011,"Iraq","4.725"
2010,"Hungary","4.725"
2013,"Iraq","4.725"
2011,"Iraq","4.725"
2013,"Iraq","4.725"
2010,"Hungary","4.725"
2022,"Mauritania","4.724"
2012,"Bangladesh","4.724"
2022,"Mauritania","4.724"
2012,"Bangladesh","4.724"
2014,"State of Palestine","4.722"
2014,"State of Palestine","4.722"
2013,"Greece","4.72"
2012,"India","4.72"
2012,"India","4.72"
2013,"Greece","4.72"
2017,"Iran","4.717"
2017,"Iran","4.717"
2013,"Honduras","4.713"
2013,"Honduras","4.713"
2022,"Cameroon","4.712"
2022,"Cameroon","4.712"
2013,"Ukraine","4.711"
2013,"Ukraine","4.711"
2011,"Laos","4.704"
2011,"Laos","4.704"
2010,"State of Palestine","4.703"
2010,"State of Palestine","4.703"
2019,"Ukraine","4.702"
2019,"Ukraine","4.702"
2015,"State of Palestine","4.695"
2015,"State of Palestine","4.695"
2015,"Congo (Brazzaville)","4.691"
2015,"Congo (Brazzaville)","4.691"
2013,"Zimbabwe","4.69"
2013,"Zimbabwe","4.69"
2017,"Senegal","4.683"
2012,"Hungary","4.683"
2017,"Senegal","4.683"
2012,"Hungary","4.683"
2014,"Iran","4.682"
2010,"Zimbabwe","4.682"
2014,"Iran","4.682"
2010,"Zimbabwe","4.682"
2011,"Azerbaijan","4.68"
2011,"Azerbaijan","4.68"
2017,"Mauritania","4.678"
2017,"Mauritania","4.678"
2012,"Mauritania","4.673"
2012,"Mauritania","4.673"
2010,"Egypt","4.669"
2010,"Bosnia and Herzegovina","4.669"
2010,"Bosnia and Herzegovina","4.669"
2010,"Egypt","4.669"
2016,"Somalia","4.668"
2016,"Somalia","4.668"
2011,"Mali","4.667"
2011,"Mali","4.667"
2018,"Ukraine","4.662"
2018,"Ukraine","4.662"
2015,"Gabon","4.661"
2015,"Gabon","4.661"
2012,"Iraq","4.66"
2013,"Bangladesh","4.66"
2012,"Iraq","4.66"
2013,"Bangladesh","4.66"
2018,"Georgia","4.659"
2018,"Georgia","4.659"
2018,"Kenya","4.656"
2018,"Kenya","4.656"
2018,"Mozambique","4.654"
2018,"Mozambique","4.654"
2016,"Iran","4.653"
2016,"Iran","4.653"
2010,"China","4.653"
2010,"China","4.653"
2010,"South Africa","4.652"
2010,"South Africa","4.652"
2012,"State of Palestine","4.647"
2017,"Burkina Faso","4.647"
2017,"Burkina Faso","4.647"
2012,"State of Palestine","4.647"
2020,"Uganda","4.641"
2020,"Uganda","4.641"
2017,"Albania","4.64"
2020,"Burkina Faso","4.64"
2017,"Albania","4.64"
2012,"North Macedonia","4.64"
2020,"Burkina Faso","4.64"
2012,"North Macedonia","4.64"
2012,"Congo (Kinshasa)","4.639"
2018,"Jordan","4.639"
2018,"Jordan","4.639"
2012,"Congo (Kinshasa)","4.639"
2022,"Ukraine","4.637"
2022,"Ukraine","4.637"
2021,"Burkina Faso","4.636"
2014,"Bangladesh","4.636"
2021,"Burkina Faso","4.636"
2014,"Bangladesh","4.636"
2011,"India","4.635"
2011,"India","4.635"
2015,"Bangladesh","4.633"
2015,"Bangladesh","4.633"
2017,"State of Palestine","4.628"
2017,"State of Palestine","4.628"
2020,"Pakistan","4.624"
2020,"Pakistan","4.624"
2016,"Myanmar","4.623"
2017,"Laos","4.623"
2017,"Laos","4.623"
2016,"Myanmar","4.623"
2021,"Nepal","4.622"
2013,"Haiti","4.622"
2013,"Haiti","4.622"
2021,"Nepal","4.622"
2019,"Kenya","4.619"
2019,"Kenya","4.619"
2015,"Senegal","4.617"
2015,"Senegal","4.617"
2017,"Niger","4.616"
2017,"Niger","4.616"
2015,"Sri Lanka","4.612"
2015,"Sri Lanka","4.612"
2019,"Comoros","4.609"
2012,"Iran","4.609"
2019,"Comoros","4.609"
2012,"Iran","4.609"
2015,"Albania","4.607"
2015,"Albania","4.607"
2010,"Ghana","4.606"
2010,"Ghana","4.606"
2013,"Nepal","4.605"
2013,"Nepal","4.605"
2012,"Honduras","4.602"
2012,"Honduras","4.602"
2022,"Morocco","4.596"
2022,"Morocco","4.596"
2016,"Senegal","4.595"
2016,"Senegal","4.595"
2010,"Mongolia","4.586"
2017,"Cambodia","4.586"
2010,"Mongolia","4.586"
2017,"Cambodia","4.586"
2015,"Mali","4.582"
2015,"Mali","4.582"
2020,"Venezuela","4.574"
2020,"Venezuela","4.574"
2014,"Namibia","4.574"
2014,"Namibia","4.574"
2012,"Lebanon","4.573"
2012,"Lebanon","4.573"
2015,"Ethiopia","4.573"
2015,"Ethiopia","4.573"
2014,"Liberia","4.571"
2014,"Liberia","4.571"
2014,"Malawi","4.563"
2014,"Malawi","4.563"
2012,"Ethiopia","4.561"
2012,"Ethiopia","4.561"
2017,"Chad","4.559"
2017,"Chad","4.559"
2016,"Egypt","4.557"
2016,"Egypt","4.557"
2016,"Bangladesh","4.556"
2011,"Niger","4.556"
2016,"Bangladesh","4.556"
2011,"Niger","4.556"
2021,"Cambodia","4.555"
2021,"Cambodia","4.555"
2010,"Cameroon","4.554"
2010,"Cameroon","4.554"
2018,"State of Palestine","4.554"
2018,"State of Palestine","4.554"
2013,"Albania","4.551"
2013,"Albania","4.551"
2012,"Sudan","4.55"
2015,"Mozambique","4.55"
2012,"Sudan","4.55"
2015,"Mozambique","4.55"
2020,"Ethiopia","4.549"
2020,"Ethiopia","4.549"
2020,"Kenya","4.547"
2012,"Kenya","4.547"
2012,"Kenya","4.547"
2020,"Kenya","4.547"
2014,"Iraq","4.542"
2014,"Iraq","4.542"
2016,"Congo (Kinshasa)","4.522"
2016,"Congo (Kinshasa)","4.522"
2016,"Tunisia","4.521"
2016,"Tunisia","4.521"
2011,"Congo (Kinshasa)","4.517"
2011,"Congo (Kinshasa)","4.517"
2016,"Ghana","4.514"
2017,"South Africa","4.514"
2013,"Sierra Leone","4.514"
2013,"Sierra Leone","4.514"
2017,"South Africa","4.514"
2016,"Ghana","4.514"
2016,"Albania","4.511"
2016,"Albania","4.511"
2011,"Congo (Brazzaville)","4.51"
2011,"Congo (Brazzaville)","4.51"
2014,"Ethiopia","4.507"
2014,"Ethiopia","4.507"
2011,"Sierra Leone","4.502"
2011,"Sierra Leone","4.502"
2022,"Niger","4.501"
2022,"Niger","4.501"
2014,"Sierra Leone","4.5"
2014,"Sierra Leone","4.5"
2018,"Bangladesh","4.499"
2021,"Tunisia","4.499"
2021,"Tunisia","4.499"
2018,"Bangladesh","4.499"
2012,"Tajikistan","4.497"
2012,"Tajikistan","4.497"
2013,"Congo (Kinshasa)","4.497"
2013,"Congo (Kinshasa)","4.497"
2021,"Benin","4.493"
2021,"Benin","4.493"
2015,"Iraq","4.493"
2015,"Iraq","4.493"
2021,"Namibia","4.491"
2021,"Namibia","4.491"
2021,"Pakistan","4.487"
2021,"Pakistan","4.487"
2018,"Chad","4.486"
2018,"Chad","4.486"
2019,"State of Palestine","4.483"
2014,"Mauritania","4.483"
2014,"Mauritania","4.483"
2019,"State of Palestine","4.483"
2021,"Nigeria","4.479"
2021,"Nigeria","4.479"
2017,"Kenya","4.476"
2017,"Kenya","4.476"
2020,"Egypt","4.472"
2016,"Mauritania","4.472"
2016,"Mauritania","4.472"
2020,"Egypt","4.472"
2021,"Kenya","4.465"
2010,"Syria","4.465"
2021,"Kenya","4.465"
2010,"Syria","4.465"
2012,"Tunisia","4.464"
2012,"Tunisia","4.464"
2017,"Iraq","4.462"
2017,"Iraq","4.462"
2016,"Cambodia","4.461"
2010,"Serbia","4.461"
2010,"Serbia","4.461"
2016,"Cambodia","4.461"
2019,"Jordan","4.453"
2014,"Armenia","4.453"
2014,"Armenia","4.453"
2019,"Jordan","4.453"
2020,"Namibia","4.451"
2017,"Georgia","4.451"
2020,"Namibia","4.451"
2017,"Georgia","4.451"
2016,"Georgia","4.448"
2022,"Kenya","4.448"
2016,"Georgia","4.448"
2022,"Kenya","4.448"
2013,"Ethiopia","4.445"
2013,"Ethiopia","4.445"
2019,"Pakistan","4.443"
2019,"Pakistan","4.443"
2017,"Namibia","4.441"
2017,"Namibia","4.441"
2012,"Myanmar","4.439"
2012,"Myanmar","4.439"
2014,"Bulgaria","4.438"
2014,"Bulgaria","4.438"
2019,"Namibia","4.436"
2019,"Namibia","4.436"
2018,"Sri Lanka","4.435"
2018,"Sri Lanka","4.435"
2010,"Sudan","4.435"
2010,"Sudan","4.435"
2011,"Cameroon","4.434"
2019,"Myanmar","4.434"
2019,"Myanmar","4.434"
2011,"Cameroon","4.434"
2020,"Myanmar","4.431"
2020,"Myanmar","4.431"
2013,"India","4.428"
2013,"India","4.428"
2017,"Liberia","4.424"
2014,"India","4.424"
2014,"India","4.424"
2017,"Liberia","4.424"
2015,"Burkina Faso","4.419"
2015,"Burkina Faso","4.419"
2018,"Mali","4.416"
2018,"Mali","4.416"
2014,"Congo (Kinshasa)","4.414"
2014,"Congo (Kinshasa)","4.414"
2012,"Haiti","4.413"
2016,"Iraq","4.413"
2016,"Iraq","4.413"
2012,"Haiti","4.413"
2018,"Myanmar","4.411"
2018,"Myanmar","4.411"
2020,"Benin","4.408"
2020,"Benin","4.408"
2011,"Kenya","4.405"
2011,"Kenya","4.405"
2022,"Chad","4.397"
2022,"Chad","4.397"
2016,"Kenya","4.396"
2016,"Kenya","4.396"
2019,"Eswatini","4.396"
2019,"Eswatini","4.396"
2014,"Senegal","4.395"
2014,"Senegal","4.395"
2011,"Chad","4.393"
2011,"Chad","4.393"
2010,"Morocco","4.383"
2010,"Morocco","4.383"
2011,"Madagascar","4.381"
2010,"Tajikistan","4.381"
2011,"Madagascar","4.381"
2010,"Tajikistan","4.381"
2018,"Ethiopia","4.379"
2018,"Ethiopia","4.379"
2021,"Ghana","4.378"
2021,"Ghana","4.378"
2020,"Cambodia","4.377"
2020,"Cambodia","4.377"
2010,"Senegal","4.372"
2010,"Senegal","4.372"
2011,"Djibouti","4.369"
2011,"Djibouti","4.369"
2010,"Armenia","4.368"
2010,"Armenia","4.368"
2021,"Turkiye","4.367"
2021,"Turkiye","4.367"
2013,"Sri Lanka","4.365"
2013,"Sri Lanka","4.365"
2017,"Togo","4.361"
2017,"Togo","4.361"
2012,"Angola","4.36"
2012,"Angola","4.36"
2015,"Kenya","4.358"
2015,"Kenya","4.358"
2022,"Jordan","4.356"
2022,"Jordan","4.356"
2010,"Nepal","4.35"
2010,"Yemen","4.35"
2010,"Nepal","4.35"
2010,"Yemen","4.35"
2013,"Georgia","4.349"
2013,"Georgia","4.349"
2016,"Zambia","4.348"
2016,"Zambia","4.348"
2015,"Armenia","4.348"
2015,"Armenia","4.348"
2014,"Zambia","4.346"
2014,"Zambia","4.346"
2015,"India","4.342"
2015,"India","4.342"
2019,"Madagascar","4.339"
2019,"Madagascar","4.339"
2017,"Sri Lanka","4.331"
2017,"Sri Lanka","4.331"
2019,"Egypt","4.328"
2019,"Egypt","4.328"
2016,"Armenia","4.325"
2016,"Armenia","4.325"
2015,"Chad","4.323"
2015,"Chad","4.323"
2018,"Uganda","4.322"
2018,"Uganda","4.322"
2012,"Armenia","4.32"
2012,"Armenia","4.32"
2019,"Tunisia","4.315"
2019,"Tunisia","4.315"
2011,"Sudan","4.314"
2021,"Myanmar","4.314"
2018,"Mauritania","4.314"
2021,"Myanmar","4.314"
2011,"Sudan","4.314"
2018,"Mauritania","4.314"
2012,"Mali","4.313"
2012,"Mali","4.313"
2017,"Ukraine","4.311"
2017,"Congo (Kinshasa)","4.311"
2017,"Ukraine","4.311"
2017,"Congo (Kinshasa)","4.311"
2017,"Bangladesh","4.31"
2017,"Bangladesh","4.31"
2012,"Uganda","4.309"
2012,"Uganda","4.309"
2018,"Sierra Leone","4.306"
2018,"Sierra Leone","4.306"
2016,"Ethiopia","4.298"
2016,"Ethiopia","4.298"
2014,"Ukraine","4.297"
2014,"Ukraine","4.297"
2017,"Armenia","4.288"
2017,"Armenia","4.288"
2014,"Georgia","4.288"
2014,"Georgia","4.288"
2017,"Mozambique","4.28"
2017,"Mozambique","4.28"
2012,"Malawi","4.279"
2012,"Malawi","4.279"
2022,"Gambia","4.279"
2022,"Gambia","4.279"
2018,"Iran","4.278"
2018,"Iran","4.278"
2013,"Armenia","4.277"
2013,"Armenia","4.277"
2013,"Cameroon","4.271"
2013,"Cameroon","4.271"
2020,"Mali","4.269"
2020,"Mali","4.269"
2014,"Sri Lanka","4.268"
2014,"Sri Lanka","4.268"
2019,"Nigeria","4.266"
2019,"Nigeria","4.266"
2011,"Tajikistan","4.263"
2011,"Tajikistan","4.263"
2022,"Tunisia","4.261"
2022,"Tunisia","4.261"
2011,"Armenia","4.26"
2011,"Armenia","4.26"
2010,"Kenya","4.256"
2010,"Kenya","4.256"
2011,"Gabon","4.255"
2011,"Gabon","4.255"
2012,"Georgia","4.254"
2012,"Georgia","4.254"
2019,"Chad","4.251"
2019,"Chad","4.251"
2022,"Cambodia","4.25"
2022,"Cambodia","4.25"
2012,"Cameroon","4.245"
2012,"Cameroon","4.245"
2014,"Cameroon","4.24"
2014,"Cameroon","4.24"
2022,"Togo","4.239"
2022,"Togo","4.239"
2015,"Uganda","4.238"
2015,"Uganda","4.238"
2016,"Niger","4.235"
2016,"Niger","4.235"
2012,"Nepal","4.233"
2012,"Nepal","4.233"
2016,"Uganda","4.233"
2016,"Uganda","4.233"
2012,"Sri Lanka","4.225"
2021,"Uganda","4.225"
2012,"Sri Lanka","4.225"
2021,"Uganda","4.225"
2020,"India","4.224"
2020,"India","4.224"
2015,"Myanmar","4.224"
2015,"Myanmar","4.224"
2012,"Bulgaria","4.222"
2012,"Bulgaria","4.222"
2016,"Afghanistan","4.22"
2016,"Afghanistan","4.22"
2010,"Azerbaijan","4.219"
2010,"Azerbaijan","4.219"
2013,"Yemen","4.218"
2013,"Yemen","4.218"
2022,"Benin","4.217"
2022,"Benin","4.217"
2019,"Sri Lanka","4.213"
2019,"Sri Lanka","4.213"
2018,"Eswatini","4.212"
2018,"Eswatini","4.212"
2022,"Mali","4.211"
2022,"Mali","4.211"
2016,"Burkina Faso","4.206"
2016,"Burkina Faso","4.206"
2012,"Egypt","4.204"
2012,"Egypt","4.204"
2011,"Georgia","4.203"
2011,"Georgia","4.203"
2013,"Mauritania","4.199"
2013,"Mauritania","4.199"
2019,"Yemen","4.197"
2019,"Yemen","4.197"
2010,"Liberia","4.196"
2010,"Liberia","4.196"
2010,"Uganda","4.193"
2010,"Uganda","4.193"
2022,"Ghana","4.191"
2022,"Ghana","4.191"
2014,"Zimbabwe","4.184"
2014,"Zimbabwe","4.184"
2011,"Sri Lanka","4.181"
2011,"Sri Lanka","4.181"
2014,"Niger","4.181"
2014,"Niger","4.181"
2010,"North Macedonia","4.18"
2017,"Ethiopia","4.18"
2017,"Ethiopia","4.18"
2010,"North Macedonia","4.18"
2019,"Togo","4.179"
2019,"Togo","4.179"
2016,"India","4.179"
2016,"India","4.179"
2013,"Myanmar","4.176"
2013,"Myanmar","4.176"
2011,"Egypt","4.174"
2011,"Egypt","4.174"
2015,"Cambodia","4.162"
2015,"Cambodia","4.162"
2011,"Cambodia","4.161"
2011,"Cambodia","4.161"
2017,"Myanmar","4.154"
2017,"Myanmar","4.154"
2019,"Mauritania","4.153"
2019,"Mauritania","4.153"
2010,"Cambodia","4.141"
2010,"Cambodia","4.141"
2014,"Sudan","4.139"
2014,"Sudan","4.139"
2018,"Liberia","4.135"
2018,"Liberia","4.135"
2010,"Sierra Leone","4.134"
2010,"Sierra Leone","4.134"
2013,"Botswana","4.128"
2013,"Botswana","4.128"
2017,"Tunisia","4.124"
2017,"Tunisia","4.124"
2021,"Bangladesh","4.123"
2021,"Bangladesh","4.123"
2015,"Georgia","4.122"
2015,"Georgia","4.122"
2016,"Congo (Brazzaville)","4.119"
2016,"Congo (Brazzaville)","4.119"
2017,"Gambia","4.118"
2017,"Gambia","4.118"
2021,"Mali","4.113"
2021,"Mali","4.113"
2021,"Sri Lanka","4.103"
2021,"Sri Lanka","4.103"
2010,"Georgia","4.102"
2010,"Georgia","4.102"
2010,"Niger","4.101"
2010,"Niger","4.101"
2019,"Ethiopia","4.1"
2019,"Ethiopia","4.1"
2011,"Rwanda","4.097"
2011,"Rwanda","4.097"
2020,"Jordan","4.094"
2020,"Jordan","4.094"
2017,"Sierra Leone","4.09"
2017,"Sierra Leone","4.09"
2017,"Madagascar","4.079"
2017,"Madagascar","4.079"
2011,"Tanzania","4.074"
2011,"Tanzania","4.074"
2018,"Madagascar","4.071"
2018,"Madagascar","4.071"
2015,"South Sudan","4.071"
2015,"South Sudan","4.071"
2012,"Yemen","4.061"
2012,"Yemen","4.061"
2014,"Congo (Brazzaville)","4.056"
2014,"Congo (Brazzaville)","4.056"
2017,"India","4.046"
2017,"India","4.046"
2011,"Guinea","4.045"
2011,"Guinea","4.045"
2022,"Liberia","4.042"
2022,"Liberia","4.042"
2016,"Venezuela","4.041"
2016,"Venezuela","4.041"
2018,"Zambia","4.041"
2018,"Zambia","4.041"
2011,"Syria","4.038"
2011,"Syria","4.038"
2021,"Togo","4.037"
2021,"Togo","4.037"
2010,"Burkina Faso","4.036"
2010,"Burkina Faso","4.036"
2013,"Malawi","4.035"
2013,"Malawi","4.035"
2012,"Chad","4.033"
2012,"Chad","4.033"
2014,"Botswana","4.031"
2014,"Botswana","4.031"
2016,"Ukraine","4.029"
2016,"Chad","4.029"
2016,"Ukraine","4.029"
2016,"Chad","4.029"
2021,"Egypt","4.026"
2021,"Egypt","4.026"
2022,"Egypt","4.024"
2019,"Lebanon","4.024"
2022,"Egypt","4.024"
2019,"Lebanon","4.024"
2018,"Togo","4.023"
2018,"Togo","4.023"
2022,"Madagascar","4.019"
2022,"Madagascar","4.019"
2016,"Mali","4.016"
2016,"Mali","4.016"
2016,"Benin","4.007"
2012,"Tanzania","4.007"
2012,"Tanzania","4.007"
2016,"Benin","4.007"
2018,"Egypt","4.005"
2018,"Egypt","4.005"
2017,"Uganda","4.001"
2017,"Uganda","4.001"
2013,"Bulgaria","3.993"
2013,"Bulgaria","3.993"
2015,"Ghana","3.986"
2015,"Ghana","3.986"
2015,"Afghanistan","3.983"
2015,"Afghanistan","3.983"
2010,"Sri Lanka","3.977"
2010,"Sri Lanka","3.977"
2014,"Mali","3.975"
2014,"Mali","3.975"
2018,"Comoros","3.973"
2018,"Comoros","3.973"
2012,"Gabon","3.972"
2012,"Gabon","3.972"
2014,"Yemen","3.968"
2014,"Yemen","3.968"
2015,"Ukraine","3.965"
2015,"Ukraine","3.965"
2012,"Comoros","3.956"
2012,"Comoros","3.956"
2012,"Burkina Faso","3.955"
2012,"Burkina Faso","3.955"
2013,"Congo (Brazzaville)","3.955"
2013,"Congo (Brazzaville)","3.955"
2011,"Malawi","3.946"
2011,"Malawi","3.946"
2013,"Angola","3.937"
2013,"Angola","3.937"
2017,"Zambia","3.933"
2017,"Zambia","3.933"
2022,"India","3.93"
2022,"India","3.93"
2017,"Egypt","3.929"
2017,"Egypt","3.929"
2015,"Mauritania","3.923"
2015,"Mauritania","3.923"
2012,"Congo (Brazzaville)","3.919"
2012,"Congo (Brazzaville)","3.919"
2014,"Gabon","3.918"
2014,"Gabon","3.918"
2010,"Bulgaria","3.912"
2010,"Bulgaria","3.912"
2021,"Jordan","3.909"
2021,"Jordan","3.909"
2015,"Congo (Kinshasa)","3.903"
2015,"Congo (Kinshasa)","3.903"
2013,"Guinea","3.902"
2013,"Guinea","3.902"
2012,"Cambodia","3.899"
2012,"Cambodia","3.899"
2014,"Haiti","3.889"
2014,"Haiti","3.889"
2014,"Cambodia","3.883"
2014,"Cambodia","3.883"
2016,"Togo","3.879"
2016,"Togo","3.879"
2011,"Bulgaria","3.875"
2011,"Bulgaria","3.875"
2011,"Benin","3.87"
2011,"Benin","3.87"
2019,"Malawi","3.869"
2019,"Malawi","3.869"
2015,"Malawi","3.868"
2015,"Malawi","3.868"
2014,"Ghana","3.86"
2014,"Ghana","3.86"
2013,"Tanzania","3.852"
2013,"Tanzania","3.852"
2011,"Comoros","3.838"
2011,"Comoros","3.838"
2011,"Senegal","3.834"
2011,"Senegal","3.834"
2011,"Afghanistan","3.832"
2014,"South Sudan","3.832"
2011,"Afghanistan","3.832"
2014,"South Sudan","3.832"
2016,"Yemen","3.826"
2016,"Yemen","3.826"
2017,"Haiti","3.824"
2017,"Haiti","3.824"
2018,"India","3.818"
2018,"India","3.818"
2013,"Madagascar","3.816"
2013,"Madagascar","3.816"
2010,"Comoros","3.812"
2010,"Comoros","3.812"
2011,"Nepal","3.809"
2011,"Nepal","3.809"
2016,"Lesotho","3.808"
2016,"Lesotho","3.808"
2013,"Gabon","3.8"
2013,"Gabon","3.8"
2012,"Niger","3.798"
2012,"Niger","3.798"
2013,"Kenya","3.795"
2014,"Angola","3.795"
2014,"Angola","3.795"
2017,"Lesotho","3.795"
2013,"Kenya","3.795"
2017,"Lesotho","3.795"
2020,"Tanzania","3.786"
2020,"Tanzania","3.786"
2012,"Afghanistan","3.783"
2012,"Afghanistan","3.783"
2018,"Burundi","3.775"
2018,"Burundi","3.775"
2014,"Uganda","3.77"
2014,"Uganda","3.77"
2015,"Togo","3.768"
2015,"Togo","3.768"
2010,"Haiti","3.766"
2010,"Haiti","3.766"
2015,"Botswana","3.762"
2010,"Mali","3.762"
2015,"Botswana","3.762"
2010,"Mali","3.762"
2011,"Yemen","3.746"
2011,"Yemen","3.746"
2010,"Chad","3.743"
2010,"Chad","3.743"
2016,"Zimbabwe","3.735"
2016,"Zimbabwe","3.735"
2013,"Niger","3.716"
2013,"Niger","3.716"
2021,"Sierra Leone","3.714"
2021,"Sierra Leone","3.714"
2013,"Uganda","3.71"
2013,"Uganda","3.71"
2011,"Burundi","3.706"
2011,"Burundi","3.706"
2015,"Zimbabwe","3.703"
2015,"Zimbabwe","3.703"
2021,"Tanzania","3.681"
2021,"Tanzania","3.681"
2011,"Central African Republic","3.678"
2011,"Central African Republic","3.678"
2013,"Mali","3.676"
2014,"Madagascar","3.676"
2013,"Mali","3.676"
2014,"Madagascar","3.676"
2013,"Cambodia","3.674"
2013,"Cambodia","3.674"
2015,"Niger","3.671"
2015,"Niger","3.671"
2012,"Senegal","3.669"
2012,"Senegal","3.669"
2016,"Madagascar","3.663"
2016,"Madagascar","3.663"
2013,"South Africa","3.661"
2013,"South Africa","3.661"
2015,"Tanzania","3.661"
2015,"Tanzania","3.661"
2012,"Guinea","3.652"
2012,"Guinea","3.652"
2013,"Senegal","3.647"
2013,"Senegal","3.647"
2019,"Tanzania","3.64"
2019,"Tanzania","3.64"
2017,"Zimbabwe","3.638"
2017,"Zimbabwe","3.638"
2021,"Malawi","3.635"
2021,"Malawi","3.635"
2022,"Ethiopia","3.628"
2022,"Ethiopia","3.628"
2015,"Benin","3.625"
2015,"Benin","3.625"
2022,"Tanzania","3.616"
2022,"Tanzania","3.616"
2018,"Zimbabwe","3.616"
2018,"Zimbabwe","3.616"
2018,"Haiti","3.615"
2018,"Haiti","3.615"
2016,"Guinea","3.603"
2016,"Guinea","3.603"
2014,"Rwanda","3.596"
2014,"Rwanda","3.596"
2015,"Madagascar","3.593"
2015,"Madagascar","3.593"
2013,"Afghanistan","3.572"
2013,"Afghanistan","3.572"
2015,"Haiti","3.57"
2015,"Haiti","3.57"
2010,"Central African Republic","3.568"
2010,"Central African Republic","3.568"
2018,"Rwanda","3.561"
2018,"Rwanda","3.561"
2013,"Egypt","3.559"
2013,"Egypt","3.559"
2021,"India","3.558"
2021,"India","3.558"
2010,"Botswana","3.553"
2010,"Botswana","3.553"
2012,"Madagascar","3.551"
2012,"Madagascar","3.551"
2022,"Comoros","3.545"
2022,"Comoros","3.545"
2011,"Botswana","3.52"
2011,"Botswana","3.52"
2019,"Lesotho","3.512"
2019,"Lesotho","3.512"
2013,"Chad","3.508"
2013,"Chad","3.508"
2017,"Botswana","3.505"
2017,"Botswana","3.505"
2015,"Guinea","3.505"
2015,"Guinea","3.505"
2016,"Botswana","3.499"
2016,"Botswana","3.499"
2015,"Rwanda","3.483"
2015,"Rwanda","3.483"
2014,"Tanzania","3.483"
2014,"Tanzania","3.483"
2014,"Burkina Faso","3.481"
2014,"Burkina Faso","3.481"
2013,"Benin","3.479"
2013,"Benin","3.479"
2016,"Malawi","3.476"
2016,"Malawi","3.476"
2017,"Central African Republic","3.476"
2017,"Central African Republic","3.476"
2019,"Botswana","3.471"
2019,"Botswana","3.471"
2013,"Rwanda","3.466"
2013,"Rwanda","3.466"
2015,"Syria","3.462"
2015,"Syria","3.462"
2018,"Botswana","3.461"
2018,"Botswana","3.461"
2014,"Chad","3.46"
2014,"Chad","3.46"
2019,"Sierra Leone","3.447"
2019,"Sierra Leone","3.447"
2018,"Tanzania","3.445"
2018,"Tanzania","3.445"
2022,"Botswana","3.435"
2022,"Botswana","3.435"
2017,"Malawi","3.417"
2017,"Malawi","3.417"
2014,"Guinea","3.412"
2014,"Guinea","3.412"
2022,"Bangladesh","3.408"
2022,"Bangladesh","3.408"
2022,"Malawi","3.356"
2022,"Malawi","3.356"
2016,"Liberia","3.355"
2016,"Liberia","3.355"
2016,"Haiti","3.352"
2016,"Haiti","3.352"
2014,"Benin","3.347"
2014,"Benin","3.347"
2017,"Tanzania","3.347"
2017,"Tanzania","3.347"
2018,"Malawi","3.335"
2018,"Malawi","3.335"
2016,"Rwanda","3.333"
2012,"Rwanda","3.333"
2012,"Rwanda","3.333"
2016,"Rwanda","3.333"
2013,"Burkina Faso","3.326"
2013,"Burkina Faso","3.326"
2019,"Zambia","3.307"
2019,"Zambia","3.307"
2022,"Zimbabwe","3.296"
2022,"Zimbabwe","3.296"
2019,"Rwanda","3.268"
2019,"Rwanda","3.268"
2017,"Yemen","3.254"
2017,"Yemen","3.254"
2019,"India","3.249"
2019,"India","3.249"
2010,"Tanzania","3.229"
2010,"Tanzania","3.229"
2022,"Congo (Kinshasa)","3.207"
2022,"Congo (Kinshasa)","3.207"
2012,"Benin","3.193"
2012,"Benin","3.193"
2012,"Syria","3.164"
2012,"Syria","3.164"
2020,"Zimbabwe","3.16"
2020,"Zimbabwe","3.16"
2021,"Zimbabwe","3.155"
2021,"Zimbabwe","3.155"
2014,"Afghanistan","3.131"
2014,"Afghanistan","3.131"
2017,"Rwanda","3.108"
2017,"Rwanda","3.108"
2021,"Zambia","3.082"
2021,"Zambia","3.082"
2018,"Yemen","3.058"
2018,"Yemen","3.058"
2015,"Yemen","2.983"
2015,"Yemen","2.983"
2011,"Togo","2.936"
2011,"Togo","2.936"
2014,"Burundi","2.905"
2014,"Burundi","2.905"
2016,"Tanzania","2.903"
2016,"Tanzania","2.903"
2016,"South Sudan","2.888"
2016,"South Sudan","2.888"
2014,"Togo","2.839"
2014,"Togo","2.839"
2017,"South Sudan","2.817"
2017,"South Sudan","2.817"
2015,"Liberia","2.702"
2015,"Liberia","2.702"
2018,"Afghanistan","2.694"
2018,"Afghanistan","2.694"
2019,"Zimbabwe","2.694"
2019,"Zimbabwe","2.694"
2016,"Central African Republic","2.693"
2016,"Central African Republic","2.693"
2013,"Syria","2.688"
2013,"Syria","2.688"
2017,"Afghanistan","2.662"
2017,"Afghanistan","2.662"
2020,"Lebanon","2.634"
2020,"Lebanon","2.634"
2022,"Sierra Leone","2.56"
2022,"Sierra Leone","2.56"
2021,"Afghanistan","2.436"
2021,"Afghanistan","2.436"
2019,"Afghanistan","2.375"
2019,"Afghanistan","2.375"
2022,"Lebanon","2.352"
2022,"Lebanon","2.352"
2021,"Lebanon","2.179"
2021,"Lebanon","2.179"
2022,"Afghanistan","1.281"
2022,"Afghanistan","1.281"
